0 verbose cli /usr/local/bin/node /usr/local/bin/npm
1 info using npm@11.6.2
2 info using node@v24.11.1
3 silly config load:file:/usr/local/lib/node_modules/npm/npmrc
4 silly config load:file:/Users/flash/Desktop/firstReport/.npmrc
5 silly config load:file:/Users/flash/.npmrc
6 silly config load:file:/usr/local/etc/npmrc
7 verbose title npm install
8 verbose argv "install" "--cache" "/Users/flash/Desktop/firstReport/.npm-cache"
9 verbose logfile logs-max:10 dir:/Users/flash/Desktop/firstReport/.npm-cache/_logs/2026-04-30T15_05_39_296Z-
10 verbose logfile /Users/flash/Desktop/firstReport/.npm-cache/_logs/2026-04-30T15_05_39_296Z-debug-0.log
11 silly logfile done cleaning log files
12 silly packumentCache heap:4496293888 maxSize:1124073472 maxEntrySize:562036736
13 silly idealTree buildDeps
14 silly fetch manifest next@^14.2.0
15 silly packumentCache full:https://registry.npmjs.org/next cache-miss
16 http fetch GET 200 https://registry.npmjs.org/npm 389ms
17 http fetch GET 200 https://registry.npmjs.org/next 759ms (cache miss)
18 silly packumentCache full:https://registry.npmjs.org/next set size:undefined disposed:false
19 silly fetch manifest @opentelemetry/api@^1.1.0
20 silly packumentCache full:https://registry.npmjs.org/@opentelemetry%2fapi cache-miss
21 http fetch GET 200 https://registry.npmjs.org/@opentelemetry%2fapi 64ms (cache miss)
22 silly packumentCache full:https://registry.npmjs.org/@opentelemetry%2fapi set size:undefined disposed:false
23 silly fetch manifest @playwright/test@^1.41.2
24 silly packumentCache full:https://registry.npmjs.org/@playwright%2ftest cache-miss
25 http fetch GET 200 https://registry.npmjs.org/@playwright%2ftest 290ms (cache miss)
26 silly packumentCache full:https://registry.npmjs.org/@playwright%2ftest set size:undefined disposed:false
27 silly fetch manifest react@^18.3.0
28 silly packumentCache full:https://registry.npmjs.org/react cache-miss
29 http fetch GET 200 https://registry.npmjs.org/react 282ms (cache miss)
30 silly packumentCache full:https://registry.npmjs.org/react set size:undefined disposed:false
31 silly fetch manifest react-dom@^18.3.0
32 silly packumentCache full:https://registry.npmjs.org/react-dom cache-miss
33 http fetch GET 200 https://registry.npmjs.org/react-dom 206ms (cache miss)
34 silly packumentCache full:https://registry.npmjs.org/react-dom set size:undefined disposed:false
35 silly fetch manifest sass@^1.3.0
36 silly packumentCache full:https://registry.npmjs.org/sass cache-miss
37 http fetch GET 200 https://registry.npmjs.org/sass 64ms (cache miss)
38 silly packumentCache full:https://registry.npmjs.org/sass set size:undefined disposed:false
39 silly fetch manifest @supabase/supabase-js@^2.45.0
40 silly packumentCache full:https://registry.npmjs.org/@supabase%2fsupabase-js cache-miss
41 http fetch GET 200 https://registry.npmjs.org/@supabase%2fsupabase-js 149ms (cache miss)
42 silly packumentCache full:https://registry.npmjs.org/@supabase%2fsupabase-js set size:undefined disposed:false
43 silly fetch manifest @supabase/ssr@^0.5.0
44 silly packumentCache full:https://registry.npmjs.org/@supabase%2fssr cache-miss
45 http fetch GET 200 https://registry.npmjs.org/@supabase%2fssr 345ms (cache miss)
46 silly packumentCache full:https://registry.npmjs.org/@supabase%2fssr set size:undefined disposed:false
47 silly fetch manifest @prisma/client@^5.20.0
48 silly packumentCache full:https://registry.npmjs.org/@prisma%2fclient cache-miss
49 http fetch GET 200 https://registry.npmjs.org/@prisma%2fclient 1419ms (cache miss)
50 silly packumentCache full:https://registry.npmjs.org/@prisma%2fclient set size:undefined disposed:false
51 silly fetch manifest prisma@^5.20.0
52 silly packumentCache full:https://registry.npmjs.org/prisma cache-miss
53 http fetch GET 200 https://registry.npmjs.org/prisma 751ms (cache miss)
54 silly packumentCache full:https://registry.npmjs.org/prisma set size:undefined disposed:false
55 silly fetch manifest typescript@^5.5.0
56 silly packumentCache full:https://registry.npmjs.org/typescript cache-miss
57 http fetch GET 200 https://registry.npmjs.org/typescript 307ms (cache miss)
58 silly packumentCache full:https://registry.npmjs.org/typescript set size:undefined disposed:false
59 silly fetch manifest @types/node@^20.14.0
60 silly packumentCache full:https://registry.npmjs.org/@types%2fnode cache-miss
61 http fetch GET 200 https://registry.npmjs.org/@types%2fnode 161ms (cache miss)
62 silly packumentCache full:https://registry.npmjs.org/@types%2fnode set size:undefined disposed:false
63 silly fetch manifest @types/react@^18.3.0
64 silly packumentCache full:https://registry.npmjs.org/@types%2freact cache-miss
65 http fetch GET 200 https://registry.npmjs.org/@types%2freact 146ms (cache miss)
66 silly packumentCache full:https://registry.npmjs.org/@types%2freact set size:undefined disposed:false
67 silly fetch manifest @types/react-dom@^18.3.0
68 silly packumentCache full:https://registry.npmjs.org/@types%2freact-dom cache-miss
69 http fetch GET 200 https://registry.npmjs.org/@types%2freact-dom 106ms (cache miss)
70 silly packumentCache full:https://registry.npmjs.org/@types%2freact-dom set size:undefined disposed:false
71 silly fetch manifest tailwindcss@^3.4.0
72 silly packumentCache full:https://registry.npmjs.org/tailwindcss cache-miss
73 http fetch GET 200 https://registry.npmjs.org/tailwindcss 203ms (cache miss)
74 silly packumentCache full:https://registry.npmjs.org/tailwindcss set size:undefined disposed:false
75 silly fetch manifest postcss@^8.4.0
76 silly packumentCache full:https://registry.npmjs.org/postcss cache-miss
77 http fetch GET 200 https://registry.npmjs.org/postcss 75ms (cache miss)
78 silly packumentCache full:https://registry.npmjs.org/postcss set size:undefined disposed:false
79 silly fetch manifest autoprefixer@^10.4.0
80 silly packumentCache full:https://registry.npmjs.org/autoprefixer cache-miss
81 http fetch GET 200 https://registry.npmjs.org/autoprefixer 103ms (cache miss)
82 silly packumentCache full:https://registry.npmjs.org/autoprefixer set size:undefined disposed:false
83 silly fetch manifest concurrently@^9.0.0
84 silly packumentCache full:https://registry.npmjs.org/concurrently cache-miss
85 http fetch GET 200 https://registry.npmjs.org/concurrently 97ms (cache miss)
86 silly packumentCache full:https://registry.npmjs.org/concurrently set size:undefined disposed:false
87 silly placeDep ROOT @prisma/client@5.22.0 OK for: firstReport@1.0.0 want: ^5.20.0
88 silly placeDep ROOT @supabase/ssr@0.5.2 OK for: firstReport@1.0.0 want: ^0.5.0
89 silly placeDep ROOT @supabase/supabase-js@2.105.1 OK for: @supabase/ssr@0.5.2 want: ^2.43.4
90 silly placeDep ROOT @types/node@20.19.39 OK for: firstReport@1.0.0 want: ^20.14.0
91 silly placeDep ROOT @types/react@18.3.28 OK for: firstReport@1.0.0 want: ^18.3.0
92 silly placeDep ROOT @types/react-dom@18.3.7 OK for: firstReport@1.0.0 want: ^18.3.0
93 silly placeDep ROOT autoprefixer@10.5.0 OK for: firstReport@1.0.0 want: ^10.4.0
94 silly placeDep ROOT postcss@8.5.12 OK for: autoprefixer@10.5.0 want: ^8.1.0
95 silly placeDep ROOT concurrently@9.2.1 OK for: firstReport@1.0.0 want: ^9.0.0
96 silly placeDep ROOT next@14.2.35 OK for: firstReport@1.0.0 want: ^14.2.0
97 silly placeDep ROOT react@18.3.1 OK for: next@14.2.35 want: ^18.2.0
98 silly placeDep ROOT react-dom@18.3.1 OK for: next@14.2.35 want: ^18.2.0
99 silly placeDep ROOT prisma@5.22.0 OK for: firstReport@1.0.0 want: ^5.20.0
100 silly placeDep ROOT tailwindcss@3.4.19 OK for: firstReport@1.0.0 want: ^3.4.0
101 silly placeDep ROOT typescript@5.9.3 OK for: firstReport@1.0.0 want: ^5.5.0
102 silly fetch manifest cookie@^0.7.0
103 silly packumentCache full:https://registry.npmjs.org/cookie cache-miss
104 silly fetch manifest @types/cookie@^0.6.0
105 silly packumentCache full:https://registry.npmjs.org/@types%2fcookie cache-miss
106 silly fetch manifest @supabase/auth-js@2.105.1
107 silly packumentCache full:https://registry.npmjs.org/@supabase%2fauth-js cache-miss
108 silly fetch manifest @supabase/storage-js@2.105.1
109 silly packumentCache full:https://registry.npmjs.org/@supabase%2fstorage-js cache-miss
110 silly fetch manifest @supabase/realtime-js@2.105.1
111 silly packumentCache full:https://registry.npmjs.org/@supabase%2frealtime-js cache-miss
112 silly fetch manifest @supabase/functions-js@2.105.1
113 silly packumentCache full:https://registry.npmjs.org/@supabase%2ffunctions-js cache-miss
114 silly fetch manifest @supabase/postgrest-js@2.105.1
115 silly packumentCache full:https://registry.npmjs.org/@supabase%2fpostgrest-js cache-miss
116 silly fetch manifest undici-types@~6.21.0
117 silly packumentCache full:https://registry.npmjs.org/undici-types cache-miss
118 silly fetch manifest csstype@^3.2.2
119 silly packumentCache full:https://registry.npmjs.org/csstype cache-miss
120 http fetch GET 200 https://registry.npmjs.org/cookie 45ms (cache miss)
121 silly packumentCache full:https://registry.npmjs.org/cookie set size:undefined disposed:false
122 silly fetch manifest @types/prop-types@*
123 silly packumentCache full:https://registry.npmjs.org/@types%2fprop-types cache-miss
124 http fetch GET 200 https://registry.npmjs.org/@types%2fprop-types 44ms (cache miss)
125 silly packumentCache full:https://registry.npmjs.org/@types%2fprop-types set size:undefined disposed:false
126 silly fetch manifest browserslist@^4.28.2
127 silly packumentCache full:https://registry.npmjs.org/browserslist cache-miss
128 http fetch GET 200 https://registry.npmjs.org/browserslist 59ms (cache miss)
129 silly packumentCache full:https://registry.npmjs.org/browserslist set size:undefined disposed:false
130 silly fetch manifest caniuse-lite@^1.0.30001787
131 silly packumentCache full:https://registry.npmjs.org/caniuse-lite cache-miss
132 http fetch GET 200 https://registry.npmjs.org/csstype 153ms (cache miss)
133 silly packumentCache full:https://registry.npmjs.org/csstype set size:undefined disposed:false
134 silly fetch manifest fraction.js@^5.3.4
135 silly packumentCache full:https://registry.npmjs.org/fraction.js cache-miss
136 http fetch GET 200 https://registry.npmjs.org/undici-types 171ms (cache miss)
137 silly packumentCache full:https://registry.npmjs.org/undici-types set size:undefined disposed:false
138 silly fetch manifest picocolors@^1.1.1
139 silly packumentCache full:https://registry.npmjs.org/picocolors cache-miss
140 http fetch GET 200 https://registry.npmjs.org/@supabase%2fauth-js 177ms (cache miss)
141 silly packumentCache full:https://registry.npmjs.org/@supabase%2fauth-js set size:undefined disposed:false
142 silly fetch manifest postcss-value-parser@^4.2.0
143 silly packumentCache full:https://registry.npmjs.org/postcss-value-parser cache-miss
144 http fetch GET 200 https://registry.npmjs.org/@supabase%2ffunctions-js 180ms (cache miss)
145 silly packumentCache full:https://registry.npmjs.org/@supabase%2ffunctions-js set size:undefined disposed:false
146 silly fetch manifest nanoid@^3.3.11
147 silly packumentCache full:https://registry.npmjs.org/nanoid cache-miss
148 http fetch GET 200 https://registry.npmjs.org/@supabase%2fstorage-js 188ms (cache miss)
149 silly packumentCache full:https://registry.npmjs.org/@supabase%2fstorage-js set size:undefined disposed:false
150 silly fetch manifest picocolors@^1.1.1
151 silly packumentCache full:https://registry.npmjs.org/picocolors cache-miss
152 http fetch GET 200 https://registry.npmjs.org/fraction.js 39ms (cache miss)
153 silly packumentCache full:https://registry.npmjs.org/fraction.js set size:undefined disposed:false
154 silly fetch manifest source-map-js@^1.2.1
155 silly packumentCache full:https://registry.npmjs.org/source-map-js cache-miss
156 http fetch GET 200 https://registry.npmjs.org/@supabase%2frealtime-js 197ms (cache miss)
157 silly packumentCache full:https://registry.npmjs.org/@supabase%2frealtime-js set size:undefined disposed:false
158 silly fetch manifest rxjs@7.8.2
159 silly packumentCache full:https://registry.npmjs.org/rxjs cache-miss
160 http fetch GET 200 https://registry.npmjs.org/@supabase%2fpostgrest-js 200ms (cache miss)
161 silly packumentCache full:https://registry.npmjs.org/@supabase%2fpostgrest-js set size:undefined disposed:false
162 silly fetch manifest chalk@4.1.2
163 silly packumentCache full:https://registry.npmjs.org/chalk cache-miss
164 http fetch GET 200 https://registry.npmjs.org/picocolors 38ms (cache miss)
165 silly packumentCache full:https://registry.npmjs.org/picocolors set size:undefined disposed:false
166 silly fetch manifest yargs@17.7.2
167 silly packumentCache full:https://registry.npmjs.org/yargs cache-miss
168 http fetch GET 200 https://registry.npmjs.org/postcss-value-parser 41ms (cache miss)
169 silly packumentCache full:https://registry.npmjs.org/postcss-value-parser set size:undefined disposed:false
170 silly fetch manifest tree-kill@1.2.2
171 silly packumentCache full:https://registry.npmjs.org/tree-kill cache-miss
172 http fetch GET 200 https://registry.npmjs.org/picocolors 38ms (cache miss)
173 silly packumentCache full:https://registry.npmjs.org/picocolors set size:undefined disposed:false
174 silly fetch manifest shell-quote@1.8.3
175 silly packumentCache full:https://registry.npmjs.org/shell-quote cache-miss
176 http fetch GET 200 https://registry.npmjs.org/nanoid 46ms (cache miss)
177 silly packumentCache full:https://registry.npmjs.org/nanoid set size:undefined disposed:false
178 silly fetch manifest supports-color@8.1.1
179 silly packumentCache full:https://registry.npmjs.org/supports-color cache-miss
180 http fetch GET 200 https://registry.npmjs.org/caniuse-lite 93ms (cache miss)
181 silly packumentCache full:https://registry.npmjs.org/caniuse-lite set size:undefined disposed:false
182 silly fetch manifest busboy@1.6.0
183 silly packumentCache full:https://registry.npmjs.org/busboy cache-miss
184 http fetch GET 200 https://registry.npmjs.org/rxjs 52ms (cache miss)
185 silly packumentCache full:https://registry.npmjs.org/rxjs set size:undefined disposed:false
186 silly fetch manifest postcss@8.4.31
187 silly packumentCache full:https://registry.npmjs.org/postcss cache-miss
188 http fetch GET 200 https://registry.npmjs.org/tree-kill 40ms (cache miss)
189 silly packumentCache full:https://registry.npmjs.org/tree-kill set size:undefined disposed:false
190 silly fetch manifest @next/env@14.2.35
191 silly packumentCache full:https://registry.npmjs.org/@next%2fenv cache-miss
192 http cache https://registry.npmjs.org/postcss 7ms (cache hit)
193 silly packumentCache full:https://registry.npmjs.org/postcss set size:714272 disposed:false
194 silly fetch manifest styled-jsx@5.1.1
195 silly packumentCache full:https://registry.npmjs.org/styled-jsx cache-miss
196 http fetch GET 200 https://registry.npmjs.org/chalk 59ms (cache miss)
197 silly packumentCache full:https://registry.npmjs.org/chalk set size:undefined disposed:false
198 silly fetch manifest graceful-fs@^4.2.11
199 silly packumentCache full:https://registry.npmjs.org/graceful-fs cache-miss
200 http fetch GET 200 https://registry.npmjs.org/shell-quote 38ms (cache miss)
201 silly packumentCache full:https://registry.npmjs.org/shell-quote set size:undefined disposed:false
202 silly fetch manifest @swc/helpers@0.5.5
203 silly packumentCache full:https://registry.npmjs.org/@swc%2fhelpers cache-miss
204 http fetch GET 200 https://registry.npmjs.org/yargs 76ms (cache miss)
205 silly packumentCache full:https://registry.npmjs.org/yargs set size:undefined disposed:false
206 silly fetch manifest caniuse-lite@^1.0.30001579
207 silly packumentCache full:https://registry.npmjs.org/caniuse-lite cache-miss
208 http fetch GET 200 https://registry.npmjs.org/busboy 40ms (cache miss)
209 silly packumentCache full:https://registry.npmjs.org/busboy set size:undefined disposed:false
210 silly fetch manifest @next/swc-darwin-x64@14.2.33
211 silly packumentCache full:https://registry.npmjs.org/@next%2fswc-darwin-x64 cache-miss
212 http cache https://registry.npmjs.org/caniuse-lite 3ms (cache hit)
213 silly packumentCache full:https://registry.npmjs.org/caniuse-lite set size:2289092 disposed:false
214 silly fetch manifest @next/swc-darwin-arm64@14.2.33
215 silly packumentCache full:https://registry.npmjs.org/@next%2fswc-darwin-arm64 cache-miss
216 http fetch GET 200 https://registry.npmjs.org/styled-jsx 57ms (cache miss)
217 silly packumentCache full:https://registry.npmjs.org/styled-jsx set size:undefined disposed:false
218 silly fetch manifest @next/swc-linux-x64-gnu@14.2.33
219 silly packumentCache full:https://registry.npmjs.org/@next%2fswc-linux-x64-gnu cache-miss
220 http fetch GET 200 https://registry.npmjs.org/graceful-fs 61ms (cache miss)
221 silly packumentCache full:https://registry.npmjs.org/graceful-fs set size:undefined disposed:false
222 silly fetch manifest @next/swc-linux-x64-musl@14.2.33
223 silly packumentCache full:https://registry.npmjs.org/@next%2fswc-linux-x64-musl cache-miss
224 http fetch GET 200 https://registry.npmjs.org/@swc%2fhelpers 70ms (cache miss)
225 silly packumentCache full:https://registry.npmjs.org/@swc%2fhelpers set size:undefined disposed:false
226 silly fetch manifest @next/swc-win32-x64-msvc@14.2.33
227 silly packumentCache full:https://registry.npmjs.org/@next%2fswc-win32-x64-msvc cache-miss
228 http fetch GET 200 https://registry.npmjs.org/@next%2fswc-darwin-arm64 246ms (cache miss)
229 silly packumentCache full:https://registry.npmjs.org/@next%2fswc-darwin-arm64 set size:undefined disposed:false
230 silly fetch manifest @next/swc-linux-arm64-gnu@14.2.33
231 silly packumentCache full:https://registry.npmjs.org/@next%2fswc-linux-arm64-gnu cache-miss
232 http fetch GET 200 https://registry.npmjs.org/@types%2fcookie 564ms (cache miss)
233 silly packumentCache full:https://registry.npmjs.org/@types%2fcookie set size:undefined disposed:false
234 silly fetch manifest @next/swc-win32-ia32-msvc@14.2.33
235 silly packumentCache full:https://registry.npmjs.org/@next%2fswc-win32-ia32-msvc cache-miss
236 http fetch GET 200 https://registry.npmjs.org/@next%2fswc-darwin-x64 284ms (cache miss)
237 silly packumentCache full:https://registry.npmjs.org/@next%2fswc-darwin-x64 set size:undefined disposed:false
238 silly fetch manifest @next/swc-linux-arm64-musl@14.2.33
239 silly packumentCache full:https://registry.npmjs.org/@next%2fswc-linux-arm64-musl cache-miss
240 http fetch GET 200 https://registry.npmjs.org/@next%2fswc-linux-x64-gnu 274ms (cache miss)
241 silly packumentCache full:https://registry.npmjs.org/@next%2fswc-linux-x64-gnu set size:undefined disposed:false
242 silly fetch manifest @next/swc-win32-arm64-msvc@14.2.33
243 silly packumentCache full:https://registry.npmjs.org/@next%2fswc-win32-arm64-msvc cache-miss
244 http fetch GET 200 https://registry.npmjs.org/@next%2fswc-linux-x64-musl 282ms (cache miss)
245 silly packumentCache full:https://registry.npmjs.org/@next%2fswc-linux-x64-musl set size:undefined disposed:false
246 silly fetch manifest scheduler@^0.23.2
247 silly packumentCache full:https://registry.npmjs.org/scheduler cache-miss
248 http fetch GET 200 https://registry.npmjs.org/@next%2fswc-win32-x64-msvc 286ms (cache miss)
249 silly packumentCache full:https://registry.npmjs.org/@next%2fswc-win32-x64-msvc set size:undefined disposed:false
250 silly fetch manifest loose-envify@^1.1.0
251 silly packumentCache full:https://registry.npmjs.org/loose-envify cache-miss
252 http fetch GET 200 https://registry.npmjs.org/loose-envify 39ms (cache miss)
253 silly packumentCache full:https://registry.npmjs.org/loose-envify set size:undefined disposed:false
254 silly fetch manifest @prisma/engines@5.22.0
255 silly packumentCache full:https://registry.npmjs.org/@prisma%2fengines cache-miss
256 http fetch GET 200 https://registry.npmjs.org/@next%2fswc-linux-arm64-gnu 241ms (cache miss)
257 silly packumentCache full:https://registry.npmjs.org/@next%2fswc-linux-arm64-gnu set size:undefined disposed:false
258 silly fetch manifest fsevents@2.3.3
259 silly packumentCache full:https://registry.npmjs.org/fsevents cache-miss
260 http fetch GET 200 https://registry.npmjs.org/scheduler 216ms (cache miss)
261 silly packumentCache full:https://registry.npmjs.org/scheduler set size:undefined disposed:false
262 silly fetch manifest arg@^5.0.2
263 silly packumentCache full:https://registry.npmjs.org/arg cache-miss
264 http fetch GET 200 https://registry.npmjs.org/@next%2fswc-linux-arm64-musl 266ms (cache miss)
265 silly packumentCache full:https://registry.npmjs.org/@next%2fswc-linux-arm64-musl set size:undefined disposed:false
266 silly fetch manifest dlv@^1.1.3
267 silly packumentCache full:https://registry.npmjs.org/dlv cache-miss
268 http fetch GET 200 https://registry.npmjs.org/fsevents 60ms (cache miss)
269 silly packumentCache full:https://registry.npmjs.org/fsevents set size:undefined disposed:false
270 silly fetch manifest jiti@^1.21.7
271 silly packumentCache full:https://registry.npmjs.org/jiti cache-miss
272 http fetch GET 200 https://registry.npmjs.org/@next%2fswc-win32-arm64-msvc 267ms (cache miss)
273 silly packumentCache full:https://registry.npmjs.org/@next%2fswc-win32-arm64-msvc set size:undefined disposed:false
274 silly fetch manifest is-glob@^4.0.3
275 silly packumentCache full:https://registry.npmjs.org/is-glob cache-miss
276 http fetch GET 200 https://registry.npmjs.org/@next%2fenv 624ms (cache miss)
277 silly packumentCache full:https://registry.npmjs.org/@next%2fenv set size:undefined disposed:false
278 silly fetch manifest resolve@^1.22.8
279 silly packumentCache full:https://registry.npmjs.org/resolve cache-miss
280 http fetch GET 200 https://registry.npmjs.org/arg 54ms (cache miss)
281 silly packumentCache full:https://registry.npmjs.org/arg set size:undefined disposed:false
282 silly fetch manifest sucrase@^3.35.0
283 silly packumentCache full:https://registry.npmjs.org/sucrase cache-miss
284 http fetch GET 200 https://registry.npmjs.org/dlv 40ms (cache miss)
285 silly packumentCache full:https://registry.npmjs.org/dlv set size:undefined disposed:false
286 silly fetch manifest chokidar@^3.6.0
287 silly packumentCache full:https://registry.npmjs.org/chokidar cache-miss
288 http fetch GET 200 https://registry.npmjs.org/jiti 43ms (cache miss)
289 silly packumentCache full:https://registry.npmjs.org/jiti set size:undefined disposed:false
290 silly fetch manifest fast-glob@^3.3.2
291 silly packumentCache full:https://registry.npmjs.org/fast-glob cache-miss
292 http fetch GET 200 https://registry.npmjs.org/is-glob 44ms (cache miss)
293 silly packumentCache full:https://registry.npmjs.org/is-glob set size:undefined disposed:false
294 silly fetch manifest lilconfig@^3.1.3
295 silly packumentCache full:https://registry.npmjs.org/lilconfig cache-miss
296 http fetch GET 200 https://registry.npmjs.org/resolve 35ms (cache miss)
297 silly packumentCache full:https://registry.npmjs.org/resolve set size:undefined disposed:false
298 silly fetch manifest didyoumean@^1.2.2
299 silly packumentCache full:https://registry.npmjs.org/didyoumean cache-miss
300 http fetch GET 200 https://registry.npmjs.org/chokidar 48ms (cache miss)
301 silly packumentCache full:https://registry.npmjs.org/chokidar set size:undefined disposed:false
302 silly fetch manifest micromatch@^4.0.8
303 silly packumentCache full:https://registry.npmjs.org/micromatch cache-miss
304 http fetch GET 200 https://registry.npmjs.org/sucrase 53ms (cache miss)
305 silly packumentCache full:https://registry.npmjs.org/sucrase set size:undefined disposed:false
306 silly fetch manifest postcss-js@^4.0.1
307 silly packumentCache full:https://registry.npmjs.org/postcss-js cache-miss
308 http fetch GET 200 https://registry.npmjs.org/fast-glob 43ms (cache miss)
309 silly packumentCache full:https://registry.npmjs.org/fast-glob set size:undefined disposed:false
310 silly fetch manifest glob-parent@^6.0.2
311 silly packumentCache full:https://registry.npmjs.org/glob-parent cache-miss
312 http fetch GET 200 https://registry.npmjs.org/didyoumean 30ms (cache miss)
313 silly packumentCache full:https://registry.npmjs.org/didyoumean set size:undefined disposed:false
314 silly fetch manifest object-hash@^3.0.0
315 silly packumentCache full:https://registry.npmjs.org/object-hash cache-miss
316 http fetch GET 200 https://registry.npmjs.org/source-map-js 768ms (cache miss)
317 silly packumentCache full:https://registry.npmjs.org/source-map-js set size:undefined disposed:false
318 silly fetch manifest normalize-path@^3.0.0
319 silly packumentCache full:https://registry.npmjs.org/normalize-path cache-miss
320 http fetch GET 200 https://registry.npmjs.org/lilconfig 41ms (cache miss)
321 silly packumentCache full:https://registry.npmjs.org/lilconfig set size:undefined disposed:false
322 silly fetch manifest postcss-import@^15.1.0
323 silly packumentCache full:https://registry.npmjs.org/postcss-import cache-miss
324 http fetch GET 200 https://registry.npmjs.org/postcss-js 34ms (cache miss)
325 silly packumentCache full:https://registry.npmjs.org/postcss-js set size:undefined disposed:false
326 silly fetch manifest postcss-nested@^6.2.0
327 silly packumentCache full:https://registry.npmjs.org/postcss-nested cache-miss
328 http fetch GET 200 https://registry.npmjs.org/glob-parent 34ms (cache miss)
329 silly packumentCache full:https://registry.npmjs.org/glob-parent set size:undefined disposed:false
330 silly fetch manifest @alloc/quick-lru@^5.2.0
331 silly packumentCache full:https://registry.npmjs.org/@alloc%2fquick-lru cache-miss
332 http fetch GET 200 https://registry.npmjs.org/micromatch 42ms (cache miss)
333 silly packumentCache full:https://registry.npmjs.org/micromatch set size:undefined disposed:false
334 silly fetch manifest postcss-load-config@^4.0.2 || ^5.0 || ^6.0
335 silly packumentCache full:https://registry.npmjs.org/postcss-load-config cache-miss
336 http fetch GET 200 https://registry.npmjs.org/object-hash 38ms (cache miss)
337 silly packumentCache full:https://registry.npmjs.org/object-hash set size:undefined disposed:false
338 silly fetch manifest postcss-selector-parser@^6.1.2
339 silly packumentCache full:https://registry.npmjs.org/postcss-selector-parser cache-miss
340 http fetch GET 200 https://registry.npmjs.org/normalize-path 42ms (cache miss)
341 silly packumentCache full:https://registry.npmjs.org/normalize-path set size:undefined disposed:false
342 http fetch GET 200 https://registry.npmjs.org/postcss-import 45ms (cache miss)
343 silly packumentCache full:https://registry.npmjs.org/postcss-import set size:undefined disposed:false
344 http fetch GET 200 https://registry.npmjs.org/supports-color 782ms (cache miss)
345 silly packumentCache full:https://registry.npmjs.org/supports-color set size:undefined disposed:false
346 http fetch GET 200 https://registry.npmjs.org/postcss-load-config 74ms (cache miss)
347 silly packumentCache full:https://registry.npmjs.org/postcss-load-config set size:undefined disposed:false
348 http fetch GET 200 https://registry.npmjs.org/@alloc%2fquick-lru 79ms (cache miss)
349 silly packumentCache full:https://registry.npmjs.org/@alloc%2fquick-lru set size:undefined disposed:false
350 http fetch GET 200 https://registry.npmjs.org/postcss-nested 84ms (cache miss)
351 silly packumentCache full:https://registry.npmjs.org/postcss-nested set size:undefined disposed:false
352 http fetch GET 200 https://registry.npmjs.org/postcss-selector-parser 69ms (cache miss)
353 silly packumentCache full:https://registry.npmjs.org/postcss-selector-parser set size:undefined disposed:false
354 http fetch GET 200 https://registry.npmjs.org/@next%2fswc-win32-ia32-msvc 758ms (cache miss)
355 silly packumentCache full:https://registry.npmjs.org/@next%2fswc-win32-ia32-msvc set size:undefined disposed:false
356 http fetch GET 200 https://registry.npmjs.org/@prisma%2fengines 665ms (cache miss)
357 silly packumentCache full:https://registry.npmjs.org/@prisma%2fengines set size:undefined disposed:false
358 silly placeDep ROOT @types/cookie@0.6.0 OK for: @supabase/ssr@0.5.2 want: ^0.6.0
359 silly placeDep ROOT cookie@0.7.2 OK for: @supabase/ssr@0.5.2 want: ^0.7.0
360 silly placeDep ROOT @supabase/auth-js@2.105.1 OK for: @supabase/supabase-js@2.105.1 want: 2.105.1
361 silly placeDep ROOT @supabase/functions-js@2.105.1 OK for: @supabase/supabase-js@2.105.1 want: 2.105.1
362 silly placeDep ROOT @supabase/postgrest-js@2.105.1 OK for: @supabase/supabase-js@2.105.1 want: 2.105.1
363 silly placeDep ROOT @supabase/realtime-js@2.105.1 OK for: @supabase/supabase-js@2.105.1 want: 2.105.1
364 silly placeDep ROOT @supabase/storage-js@2.105.1 OK for: @supabase/supabase-js@2.105.1 want: 2.105.1
365 silly fetch manifest tslib@2.8.1
366 silly packumentCache full:https://registry.npmjs.org/tslib cache-miss
367 silly fetch manifest tslib@2.8.1
368 silly packumentCache full:https://registry.npmjs.org/tslib cache-miss
369 silly fetch manifest tslib@2.8.1
370 silly packumentCache full:https://registry.npmjs.org/tslib cache-miss
371 silly fetch manifest ws@^8.18.2
372 silly packumentCache full:https://registry.npmjs.org/ws cache-miss
373 silly fetch manifest tslib@2.8.1
374 silly packumentCache full:https://registry.npmjs.org/tslib cache-miss
375 silly fetch manifest @types/ws@^8.18.1
376 silly packumentCache full:https://registry.npmjs.org/@types%2fws cache-miss
377 silly fetch manifest @supabase/phoenix@^0.4.1
378 silly packumentCache full:https://registry.npmjs.org/@supabase%2fphoenix cache-miss
379 silly fetch manifest tslib@2.8.1
380 silly packumentCache full:https://registry.npmjs.org/tslib cache-miss
381 silly fetch manifest iceberg-js@^0.8.1
382 silly packumentCache full:https://registry.npmjs.org/iceberg-js cache-miss
383 http fetch GET 200 https://registry.npmjs.org/tslib 37ms (cache miss)
384 silly packumentCache full:https://registry.npmjs.org/tslib set size:undefined disposed:false
385 http fetch GET 200 https://registry.npmjs.org/tslib 38ms (cache miss)
386 silly packumentCache full:https://registry.npmjs.org/tslib set size:undefined disposed:false
387 http fetch GET 200 https://registry.npmjs.org/tslib 40ms (cache miss)
388 silly packumentCache full:https://registry.npmjs.org/tslib set size:undefined disposed:false
389 http fetch GET 200 https://registry.npmjs.org/iceberg-js 40ms (cache miss)
390 silly packumentCache full:https://registry.npmjs.org/iceberg-js set size:undefined disposed:false
391 http fetch GET 200 https://registry.npmjs.org/tslib 44ms (cache miss)
392 silly packumentCache full:https://registry.npmjs.org/tslib set size:undefined disposed:false
393 http fetch GET 200 https://registry.npmjs.org/tslib 45ms (cache miss)
394 silly packumentCache full:https://registry.npmjs.org/tslib set size:undefined disposed:false
395 http fetch GET 200 https://registry.npmjs.org/@supabase%2fphoenix 46ms (cache miss)
396 silly packumentCache full:https://registry.npmjs.org/@supabase%2fphoenix set size:undefined disposed:false
397 http fetch GET 200 https://registry.npmjs.org/@types%2fws 55ms (cache miss)
398 silly packumentCache full:https://registry.npmjs.org/@types%2fws set size:undefined disposed:false
399 http fetch GET 200 https://registry.npmjs.org/ws 56ms (cache miss)
400 silly packumentCache full:https://registry.npmjs.org/ws set size:undefined disposed:false
401 silly placeDep ROOT tslib@2.8.1 OK for: @supabase/auth-js@2.105.1 want: 2.8.1
402 silly fetch manifest bufferutil@^4.0.1
403 silly packumentCache full:https://registry.npmjs.org/bufferutil cache-miss
404 http fetch GET 200 https://registry.npmjs.org/bufferutil 80ms (cache miss)
405 silly packumentCache full:https://registry.npmjs.org/bufferutil set size:undefined disposed:false
406 silly fetch manifest utf-8-validate@>=5.0.2
407 silly packumentCache full:https://registry.npmjs.org/utf-8-validate cache-miss
408 http fetch GET 200 https://registry.npmjs.org/utf-8-validate 83ms (cache miss)
409 silly packumentCache full:https://registry.npmjs.org/utf-8-validate set size:undefined disposed:false
410 silly placeDep ROOT @supabase/phoenix@0.4.1 OK for: @supabase/realtime-js@2.105.1 want: ^0.4.1
411 silly placeDep ROOT @types/ws@8.18.1 OK for: @supabase/realtime-js@2.105.1 want: ^8.18.1
412 silly placeDep ROOT ws@8.20.0 OK for: @supabase/realtime-js@2.105.1 want: ^8.18.2
413 silly placeDep ROOT iceberg-js@0.8.1 OK for: @supabase/storage-js@2.105.1 want: ^0.8.1
414 silly placeDep ROOT undici-types@6.21.0 OK for: @types/node@20.19.39 want: ~6.21.0
415 silly placeDep ROOT @types/prop-types@15.7.15 OK for: @types/react@18.3.28 want: *
416 silly placeDep ROOT csstype@3.2.3 OK for: @types/react@18.3.28 want: ^3.2.2
417 silly placeDep ROOT browserslist@4.28.2 OK for: autoprefixer@10.5.0 want: ^4.28.2
418 silly placeDep ROOT caniuse-lite@1.0.30001791 OK for: autoprefixer@10.5.0 want: ^1.0.30001787
419 silly placeDep ROOT fraction.js@5.3.4 OK for: autoprefixer@10.5.0 want: ^5.3.4
420 silly placeDep ROOT picocolors@1.1.1 OK for: autoprefixer@10.5.0 want: ^1.1.1
421 silly placeDep ROOT postcss-value-parser@4.2.0 OK for: autoprefixer@10.5.0 want: ^4.2.0
422 silly fetch manifest baseline-browser-mapping@^2.10.12
423 silly packumentCache full:https://registry.npmjs.org/baseline-browser-mapping cache-miss
424 silly fetch manifest caniuse-lite@^1.0.30001782
425 silly packumentCache full:https://registry.npmjs.org/caniuse-lite cache-miss
426 silly fetch manifest electron-to-chromium@^1.5.328
427 silly packumentCache full:https://registry.npmjs.org/electron-to-chromium cache-miss
428 silly fetch manifest node-releases@^2.0.36
429 silly packumentCache full:https://registry.npmjs.org/node-releases cache-miss
430 silly fetch manifest update-browserslist-db@^1.2.3
431 silly packumentCache full:https://registry.npmjs.org/update-browserslist-db cache-miss
432 http cache https://registry.npmjs.org/caniuse-lite 4ms (cache hit)
433 silly packumentCache full:https://registry.npmjs.org/caniuse-lite set size:2289092 disposed:false
434 http fetch GET 200 https://registry.npmjs.org/update-browserslist-db 117ms (cache miss)
435 silly packumentCache full:https://registry.npmjs.org/update-browserslist-db set size:undefined disposed:false
436 http fetch GET 200 https://registry.npmjs.org/baseline-browser-mapping 119ms (cache miss)
437 silly packumentCache full:https://registry.npmjs.org/baseline-browser-mapping set size:undefined disposed:false
438 http fetch GET 200 https://registry.npmjs.org/node-releases 121ms (cache miss)
439 silly packumentCache full:https://registry.npmjs.org/node-releases set size:undefined disposed:false
440 http fetch GET 200 https://registry.npmjs.org/electron-to-chromium 198ms (cache miss)
441 silly packumentCache full:https://registry.npmjs.org/electron-to-chromium set size:undefined disposed:false
442 silly fetch manifest browserslist@>= 4.21.0
443 silly packumentCache full:https://registry.npmjs.org/browserslist cache-miss
444 http cache https://registry.npmjs.org/browserslist 2ms (cache hit)
445 silly packumentCache full:https://registry.npmjs.org/browserslist set size:504681 disposed:false
446 silly placeDep ROOT baseline-browser-mapping@2.10.24 OK for: browserslist@4.28.2 want: ^2.10.12
447 silly placeDep ROOT electron-to-chromium@1.5.345 OK for: browserslist@4.28.2 want: ^1.5.328
448 silly placeDep ROOT node-releases@2.0.38 OK for: browserslist@4.28.2 want: ^2.0.36
449 silly placeDep ROOT update-browserslist-db@1.2.3 OK for: browserslist@4.28.2 want: ^1.2.3
450 silly fetch manifest escalade@^3.2.0
451 silly packumentCache full:https://registry.npmjs.org/escalade cache-miss
452 http fetch GET 200 https://registry.npmjs.org/escalade 35ms (cache miss)
453 silly packumentCache full:https://registry.npmjs.org/escalade set size:undefined disposed:false
454 silly placeDep ROOT chalk@4.1.2 OK for: concurrently@9.2.1 want: 4.1.2
455 silly placeDep ROOT rxjs@7.8.2 OK for: concurrently@9.2.1 want: 7.8.2
456 silly placeDep ROOT shell-quote@1.8.3 OK for: concurrently@9.2.1 want: 1.8.3
457 silly placeDep ROOT supports-color@8.1.1 OK for: concurrently@9.2.1 want: 8.1.1
458 silly placeDep ROOT tree-kill@1.2.2 OK for: concurrently@9.2.1 want: 1.2.2
459 silly placeDep ROOT yargs@17.7.2 OK for: concurrently@9.2.1 want: 17.7.2
460 silly fetch manifest ansi-styles@^4.1.0
461 silly packumentCache full:https://registry.npmjs.org/ansi-styles cache-miss
462 silly fetch manifest supports-color@^7.1.0
463 silly packumentCache full:https://registry.npmjs.org/supports-color cache-miss
464 silly fetch manifest has-flag@^4.0.0
465 silly packumentCache full:https://registry.npmjs.org/has-flag cache-miss
466 silly fetch manifest y18n@^5.0.5
467 silly packumentCache full:https://registry.npmjs.org/y18n cache-miss
468 silly fetch manifest cliui@^8.0.1
469 silly packumentCache full:https://registry.npmjs.org/cliui cache-miss
470 silly fetch manifest escalade@^3.1.1
471 silly packumentCache full:https://registry.npmjs.org/escalade cache-miss
472 silly fetch manifest string-width@^4.2.3
473 silly packumentCache full:https://registry.npmjs.org/string-width cache-miss
474 silly fetch manifest yargs-parser@^21.1.1
475 silly packumentCache full:https://registry.npmjs.org/yargs-parser cache-miss
476 silly fetch manifest get-caller-file@^2.0.5
477 silly packumentCache full:https://registry.npmjs.org/get-caller-file cache-miss
478 http cache https://registry.npmjs.org/escalade 2ms (cache hit)
479 silly packumentCache full:https://registry.npmjs.org/escalade set size:33724 disposed:false
480 silly fetch manifest require-directory@^2.1.1
481 silly packumentCache full:https://registry.npmjs.org/require-directory cache-miss
482 http cache https://registry.npmjs.org/supports-color 4ms (cache hit)
483 silly packumentCache full:https://registry.npmjs.org/supports-color set size:118680 disposed:false
484 http fetch GET 200 https://registry.npmjs.org/y18n 60ms (cache miss)
485 silly packumentCache full:https://registry.npmjs.org/y18n set size:undefined disposed:false
486 http fetch GET 200 https://registry.npmjs.org/has-flag 61ms (cache miss)
487 silly packumentCache full:https://registry.npmjs.org/has-flag set size:undefined disposed:false
488 http fetch GET 200 https://registry.npmjs.org/require-directory 62ms (cache miss)
489 silly packumentCache full:https://registry.npmjs.org/require-directory set size:undefined disposed:false
490 http fetch GET 200 https://registry.npmjs.org/get-caller-file 67ms (cache miss)
491 silly packumentCache full:https://registry.npmjs.org/get-caller-file set size:undefined disposed:false
492 http fetch GET 200 https://registry.npmjs.org/string-width 67ms (cache miss)
493 silly packumentCache full:https://registry.npmjs.org/string-width set size:undefined disposed:false
494 http fetch GET 200 https://registry.npmjs.org/ansi-styles 69ms (cache miss)
495 silly packumentCache full:https://registry.npmjs.org/ansi-styles set size:undefined disposed:false
496 http fetch GET 200 https://registry.npmjs.org/cliui 70ms (cache miss)
497 silly packumentCache full:https://registry.npmjs.org/cliui set size:undefined disposed:false
498 http fetch GET 200 https://registry.npmjs.org/yargs-parser 69ms (cache miss)
499 silly packumentCache full:https://registry.npmjs.org/yargs-parser set size:undefined disposed:false
500 silly placeDep ROOT ansi-styles@4.3.0 OK for: chalk@4.1.2 want: ^4.1.0
501 silly placeDep node_modules/chalk supports-color@7.2.0 OK for: chalk@4.1.2 want: ^7.1.0
502 silly fetch manifest color-convert@^2.0.1
503 silly packumentCache full:https://registry.npmjs.org/color-convert cache-miss
504 http fetch GET 200 https://registry.npmjs.org/color-convert 46ms (cache miss)
505 silly packumentCache full:https://registry.npmjs.org/color-convert set size:undefined disposed:false
506 silly placeDep ROOT color-convert@2.0.1 OK for: ansi-styles@4.3.0 want: ^2.0.1
507 silly fetch manifest color-name@~1.1.4
508 silly packumentCache full:https://registry.npmjs.org/color-name cache-miss
509 http fetch GET 200 https://registry.npmjs.org/color-name 53ms (cache miss)
510 silly packumentCache full:https://registry.npmjs.org/color-name set size:undefined disposed:false
511 silly placeDep ROOT color-name@1.1.4 OK for: color-convert@2.0.1 want: ~1.1.4
512 silly fetch manifest react@^18.2.0
513 silly packumentCache full:https://registry.npmjs.org/react cache-miss
514 http cache https://registry.npmjs.org/react 10ms (cache hit)
515 silly packumentCache full:https://registry.npmjs.org/react set size:6629670 disposed:false
516 silly placeDep ROOT @next/env@14.2.35 OK for: next@14.2.35 want: 14.2.35
517 silly placeDep ROOT @next/swc-darwin-arm64@14.2.33 OK for: next@14.2.35 want: 14.2.33
518 silly placeDep ROOT @next/swc-darwin-x64@14.2.33 OK for: next@14.2.35 want: 14.2.33
519 silly placeDep ROOT @next/swc-linux-arm64-gnu@14.2.33 OK for: next@14.2.35 want: 14.2.33
520 silly placeDep ROOT @next/swc-linux-arm64-musl@14.2.33 OK for: next@14.2.35 want: 14.2.33
521 silly placeDep ROOT @next/swc-linux-x64-gnu@14.2.33 OK for: next@14.2.35 want: 14.2.33
522 silly placeDep ROOT @next/swc-linux-x64-musl@14.2.33 OK for: next@14.2.35 want: 14.2.33
523 silly placeDep ROOT @next/swc-win32-arm64-msvc@14.2.33 OK for: next@14.2.35 want: 14.2.33
524 silly placeDep ROOT @next/swc-win32-ia32-msvc@14.2.33 OK for: next@14.2.35 want: 14.2.33
525 silly placeDep ROOT @next/swc-win32-x64-msvc@14.2.33 OK for: next@14.2.35 want: 14.2.33
526 silly placeDep ROOT @swc/helpers@0.5.5 OK for: next@14.2.35 want: 0.5.5
527 silly placeDep ROOT busboy@1.6.0 OK for: next@14.2.35 want: 1.6.0
528 silly placeDep ROOT graceful-fs@4.2.11 OK for: next@14.2.35 want: ^4.2.11
529 silly placeDep node_modules/next postcss@8.4.31 OK for: next@14.2.35 want: 8.4.31
530 silly placeDep ROOT styled-jsx@5.1.1 OK for: next@14.2.35 want: 5.1.1
531 silly fetch manifest @swc/counter@^0.1.3
532 silly packumentCache full:https://registry.npmjs.org/@swc%2fcounter cache-miss
533 silly fetch manifest streamsearch@^1.1.0
534 silly packumentCache full:https://registry.npmjs.org/streamsearch cache-miss
535 silly fetch manifest nanoid@^3.3.6
536 silly packumentCache full:https://registry.npmjs.org/nanoid cache-miss
537 silly fetch manifest source-map-js@^1.0.2
538 silly packumentCache full:https://registry.npmjs.org/source-map-js cache-miss
539 silly fetch manifest client-only@0.0.1
540 silly packumentCache full:https://registry.npmjs.org/client-only cache-miss
541 http cache https://registry.npmjs.org/source-map-js 5ms (cache hit)
542 silly packumentCache full:https://registry.npmjs.org/source-map-js set size:62640 disposed:false
543 http cache https://registry.npmjs.org/nanoid 6ms (cache hit)
544 silly packumentCache full:https://registry.npmjs.org/nanoid set size:304025 disposed:false
545 http fetch GET 200 https://registry.npmjs.org/client-only 55ms (cache miss)
546 silly packumentCache full:https://registry.npmjs.org/client-only set size:undefined disposed:false
547 http fetch GET 200 https://registry.npmjs.org/streamsearch 275ms (cache miss)
548 silly packumentCache full:https://registry.npmjs.org/streamsearch set size:undefined disposed:false
549 http fetch GET 200 https://registry.npmjs.org/@swc%2fcounter 571ms (cache miss)
550 silly packumentCache full:https://registry.npmjs.org/@swc%2fcounter set size:undefined disposed:false
551 silly placeDep ROOT @swc/counter@0.1.3 OK for: @swc/helpers@0.5.5 want: ^0.1.3
552 silly placeDep ROOT streamsearch@1.1.0 OK for: busboy@1.6.0 want: ^1.1.0
553 silly placeDep ROOT nanoid@3.3.11 OK for: postcss@8.5.12 want: ^3.3.11
554 silly placeDep ROOT source-map-js@1.2.1 OK for: postcss@8.5.12 want: ^1.2.1
555 silly placeDep ROOT @prisma/engines@5.22.0 OK for: prisma@5.22.0 want: 5.22.0
556 silly placeDep ROOT fsevents@2.3.3 OK for: prisma@5.22.0 want: 2.3.3
557 silly fetch manifest @prisma/debug@5.22.0
558 silly packumentCache full:https://registry.npmjs.org/@prisma%2fdebug cache-miss
559 silly fetch manifest @prisma/fetch-engine@5.22.0
560 silly packumentCache full:https://registry.npmjs.org/@prisma%2ffetch-engine cache-miss
561 silly fetch manifest @prisma/get-platform@5.22.0
562 silly packumentCache full:https://registry.npmjs.org/@prisma%2fget-platform cache-miss
563 silly fetch manifest @prisma/engines-version@5.22.0-44.605197351a3c8bdd595af2d2a9bc3025bca48ea2
564 silly packumentCache full:https://registry.npmjs.org/@prisma%2fengines-version cache-miss
565 http fetch GET 200 https://registry.npmjs.org/@prisma%2fengines-version 328ms (cache miss)
566 silly packumentCache full:https://registry.npmjs.org/@prisma%2fengines-version set size:undefined disposed:false
567 http fetch GET 200 https://registry.npmjs.org/@prisma%2fget-platform 742ms (cache miss)
568 silly packumentCache full:https://registry.npmjs.org/@prisma%2fget-platform set size:undefined disposed:false
569 http fetch GET 200 https://registry.npmjs.org/@prisma%2fdebug 805ms (cache miss)
570 silly packumentCache full:https://registry.npmjs.org/@prisma%2fdebug set size:undefined disposed:false
571 http fetch GET 200 https://registry.npmjs.org/@prisma%2ffetch-engine 1116ms (cache miss)
572 silly packumentCache full:https://registry.npmjs.org/@prisma%2ffetch-engine set size:undefined disposed:false
573 silly placeDep ROOT @prisma/debug@5.22.0 OK for: @prisma/engines@5.22.0 want: 5.22.0
574 silly placeDep ROOT @prisma/engines-version@5.22.0-44.605197351a3c8bdd595af2d2a9bc3025bca48ea2 OK for: @prisma/engines@5.22.0 want: 5.22.0-44.605197351a3c8bdd595af2d2a9bc3025bca48ea2
575 silly placeDep ROOT @prisma/fetch-engine@5.22.0 OK for: @prisma/engines@5.22.0 want: 5.22.0
576 silly placeDep ROOT @prisma/get-platform@5.22.0 OK for: @prisma/engines@5.22.0 want: 5.22.0
577 silly placeDep ROOT loose-envify@1.4.0 OK for: react@18.3.1 want: ^1.1.0
578 silly fetch manifest js-tokens@^3.0.0 || ^4.0.0
579 silly packumentCache full:https://registry.npmjs.org/js-tokens cache-miss
580 http fetch GET 200 https://registry.npmjs.org/js-tokens 137ms (cache miss)
581 silly packumentCache full:https://registry.npmjs.org/js-tokens set size:undefined disposed:false
582 silly placeDep ROOT js-tokens@4.0.0 OK for: loose-envify@1.4.0 want: ^3.0.0 || ^4.0.0
583 silly placeDep ROOT scheduler@0.23.2 OK for: react-dom@18.3.1 want: ^0.23.2
584 silly placeDep ROOT client-only@0.0.1 OK for: styled-jsx@5.1.1 want: 0.0.1
585 silly placeDep ROOT has-flag@4.0.0 OK for: supports-color@8.1.1 want: ^4.0.0
586 silly fetch manifest postcss@^8.4.47
587 silly packumentCache full:https://registry.npmjs.org/postcss cache-hit
588 silly fetch manifest tsx@^4.8.1
589 silly packumentCache full:https://registry.npmjs.org/tsx cache-miss
590 http fetch GET 200 https://registry.npmjs.org/tsx 52ms (cache miss)
591 silly packumentCache full:https://registry.npmjs.org/tsx set size:undefined disposed:false
592 silly fetch manifest yaml@^2.4.2
593 silly packumentCache full:https://registry.npmjs.org/yaml cache-miss
594 http fetch GET 200 https://registry.npmjs.org/yaml 61ms (cache miss)
595 silly packumentCache full:https://registry.npmjs.org/yaml set size:undefined disposed:false
596 silly placeDep ROOT @alloc/quick-lru@5.2.0 OK for: tailwindcss@3.4.19 want: ^5.2.0
597 silly placeDep ROOT arg@5.0.2 OK for: tailwindcss@3.4.19 want: ^5.0.2
598 silly placeDep ROOT chokidar@3.6.0 OK for: tailwindcss@3.4.19 want: ^3.6.0
599 silly placeDep ROOT didyoumean@1.2.2 OK for: tailwindcss@3.4.19 want: ^1.2.2
600 silly placeDep ROOT dlv@1.1.3 OK for: tailwindcss@3.4.19 want: ^1.1.3
601 silly placeDep ROOT fast-glob@3.3.3 OK for: tailwindcss@3.4.19 want: ^3.3.2
602 silly placeDep ROOT glob-parent@6.0.2 OK for: tailwindcss@3.4.19 want: ^6.0.2
603 silly placeDep ROOT is-glob@4.0.3 OK for: tailwindcss@3.4.19 want: ^4.0.3
604 silly placeDep ROOT jiti@1.21.7 OK for: tailwindcss@3.4.19 want: ^1.21.7
605 silly placeDep ROOT lilconfig@3.1.3 OK for: tailwindcss@3.4.19 want: ^3.1.3
606 silly placeDep ROOT micromatch@4.0.8 OK for: tailwindcss@3.4.19 want: ^4.0.8
607 silly placeDep ROOT normalize-path@3.0.0 OK for: tailwindcss@3.4.19 want: ^3.0.0
608 silly placeDep ROOT object-hash@3.0.0 OK for: tailwindcss@3.4.19 want: ^3.0.0
609 silly placeDep ROOT postcss-import@15.1.0 OK for: tailwindcss@3.4.19 want: ^15.1.0
610 silly placeDep ROOT postcss-js@4.1.0 OK for: tailwindcss@3.4.19 want: ^4.0.1
611 silly placeDep ROOT postcss-load-config@6.0.1 OK for: tailwindcss@3.4.19 want: ^4.0.2 || ^5.0 || ^6.0
612 silly placeDep ROOT postcss-nested@6.2.0 OK for: tailwindcss@3.4.19 want: ^6.2.0
613 silly placeDep ROOT postcss-selector-parser@6.1.2 OK for: tailwindcss@3.4.19 want: ^6.1.2
614 silly placeDep ROOT resolve@1.22.12 OK for: tailwindcss@3.4.19 want: ^1.22.8
615 silly placeDep ROOT sucrase@3.35.1 OK for: tailwindcss@3.4.19 want: ^3.35.0
616 silly fetch manifest braces@~3.0.2
617 silly packumentCache full:https://registry.npmjs.org/braces cache-miss
618 silly fetch manifest is-glob@~4.0.1
619 silly packumentCache full:https://registry.npmjs.org/is-glob cache-miss
620 silly fetch manifest anymatch@~3.1.2
621 silly packumentCache full:https://registry.npmjs.org/anymatch cache-miss
622 silly fetch manifest readdirp@~3.6.0
623 silly packumentCache full:https://registry.npmjs.org/readdirp cache-miss
624 silly fetch manifest glob-parent@~5.1.2
625 silly packumentCache full:https://registry.npmjs.org/glob-parent cache-miss
626 silly fetch manifest is-binary-path@~2.1.0
627 silly packumentCache full:https://registry.npmjs.org/is-binary-path cache-miss
628 silly fetch manifest normalize-path@~3.0.0
629 silly packumentCache full:https://registry.npmjs.org/normalize-path cache-miss
630 silly fetch manifest @nodelib/fs.stat@^2.0.2
631 silly packumentCache full:https://registry.npmjs.org/@nodelib%2ffs.stat cache-miss
632 silly fetch manifest @nodelib/fs.walk@^1.2.3
633 silly packumentCache full:https://registry.npmjs.org/@nodelib%2ffs.walk cache-miss
634 http cache https://registry.npmjs.org/is-glob 5ms (cache hit)
635 silly packumentCache full:https://registry.npmjs.org/is-glob set size:40530 disposed:false
636 silly fetch manifest glob-parent@^5.1.2
637 silly packumentCache full:https://registry.npmjs.org/glob-parent cache-miss
638 http cache https://registry.npmjs.org/normalize-path 6ms (cache hit)
639 silly packumentCache full:https://registry.npmjs.org/normalize-path set size:28713 disposed:false
640 silly fetch manifest merge2@^1.3.0
641 silly packumentCache full:https://registry.npmjs.org/merge2 cache-miss
642 http cache https://registry.npmjs.org/glob-parent 7ms (cache hit)
643 silly packumentCache full:https://registry.npmjs.org/glob-parent set size:42445 disposed:false
644 silly fetch manifest is-extglob@^2.1.1
645 silly packumentCache full:https://registry.npmjs.org/is-extglob cache-miss
646 http cache https://registry.npmjs.org/glob-parent 2ms (cache hit)
647 silly packumentCache full:https://registry.npmjs.org/glob-parent set size:42445 disposed:false
648 silly packumentCache full:https://registry.npmjs.org/glob-parent dispose
649 silly fetch manifest braces@^3.0.3
650 silly packumentCache full:https://registry.npmjs.org/braces cache-miss
651 http fetch GET 200 https://registry.npmjs.org/is-binary-path 32ms (cache miss)
652 silly packumentCache full:https://registry.npmjs.org/is-binary-path set size:undefined disposed:false
653 silly fetch manifest picomatch@^2.3.1
654 silly packumentCache full:https://registry.npmjs.org/picomatch cache-miss
655 http fetch GET 200 https://registry.npmjs.org/anymatch 33ms (cache miss)
656 silly packumentCache full:https://registry.npmjs.org/anymatch set size:undefined disposed:false
657 silly fetch manifest resolve@^1.1.7
658 silly packumentCache full:https://registry.npmjs.org/resolve cache-miss
659 http fetch GET 200 https://registry.npmjs.org/braces 36ms (cache miss)
660 silly packumentCache full:https://registry.npmjs.org/braces set size:undefined disposed:false
661 silly fetch manifest read-cache@^1.0.0
662 silly packumentCache full:https://registry.npmjs.org/read-cache cache-miss
663 http cache https://registry.npmjs.org/resolve 5ms (cache hit)
664 silly packumentCache full:https://registry.npmjs.org/resolve set size:252941 disposed:false
665 silly fetch manifest camelcase-css@^2.0.1
666 silly packumentCache full:https://registry.npmjs.org/camelcase-css cache-miss
667 http fetch GET 200 https://registry.npmjs.org/is-extglob 33ms (cache miss)
668 silly packumentCache full:https://registry.npmjs.org/is-extglob set size:undefined disposed:false
669 silly fetch manifest postcss-selector-parser@^6.1.1
670 silly packumentCache full:https://registry.npmjs.org/postcss-selector-parser cache-miss
671 http fetch GET 200 https://registry.npmjs.org/merge2 33ms (cache miss)
672 silly packumentCache full:https://registry.npmjs.org/merge2 set size:undefined disposed:false
673 silly fetch manifest cssesc@^3.0.0
674 silly packumentCache full:https://registry.npmjs.org/cssesc cache-miss
675 http cache https://registry.npmjs.org/postcss-selector-parser 2ms (cache hit)
676 silly packumentCache full:https://registry.npmjs.org/postcss-selector-parser set size:177140 disposed:false
677 silly fetch manifest util-deprecate@^1.0.2
678 silly packumentCache full:https://registry.npmjs.org/util-deprecate cache-miss
679 http fetch GET 200 https://registry.npmjs.org/readdirp 43ms (cache miss)
680 silly packumentCache full:https://registry.npmjs.org/readdirp set size:undefined disposed:false
681 silly fetch manifest es-errors@^1.3.0
682 silly packumentCache full:https://registry.npmjs.org/es-errors cache-miss
683 http fetch GET 200 https://registry.npmjs.org/@nodelib%2ffs.walk 52ms (cache miss)
684 silly packumentCache full:https://registry.npmjs.org/@nodelib%2ffs.walk set size:undefined disposed:false
685 silly fetch manifest is-core-module@^2.16.1
686 silly packumentCache full:https://registry.npmjs.org/is-core-module cache-miss
687 http fetch GET 200 https://registry.npmjs.org/braces 49ms (cache miss)
688 silly packumentCache full:https://registry.npmjs.org/braces set size:undefined disposed:false
689 silly fetch manifest path-parse@^1.0.7
690 silly packumentCache full:https://registry.npmjs.org/path-parse cache-miss
691 http fetch GET 200 https://registry.npmjs.org/@nodelib%2ffs.stat 60ms (cache miss)
692 silly packumentCache full:https://registry.npmjs.org/@nodelib%2ffs.stat set size:undefined disposed:false
693 silly fetch manifest supports-preserve-symlinks-flag@^1.0.0
694 silly packumentCache full:https://registry.npmjs.org/supports-preserve-symlinks-flag cache-miss
695 http fetch GET 200 https://registry.npmjs.org/read-cache 28ms (cache miss)
696 silly packumentCache full:https://registry.npmjs.org/read-cache set size:undefined disposed:false
697 silly fetch manifest @jridgewell/gen-mapping@^0.3.2
698 silly packumentCache full:https://registry.npmjs.org/@jridgewell%2fgen-mapping cache-miss
699 http fetch GET 200 https://registry.npmjs.org/camelcase-css 26ms (cache miss)
700 silly packumentCache full:https://registry.npmjs.org/camelcase-css set size:undefined disposed:false
701 silly fetch manifest commander@^4.0.0
702 silly packumentCache full:https://registry.npmjs.org/commander cache-miss
703 http fetch GET 200 https://registry.npmjs.org/picomatch 34ms (cache miss)
704 silly packumentCache full:https://registry.npmjs.org/picomatch set size:undefined disposed:false
705 silly fetch manifest lines-and-columns@^1.1.6
706 silly packumentCache full:https://registry.npmjs.org/lines-and-columns cache-miss
707 http fetch GET 200 https://registry.npmjs.org/cssesc 31ms (cache miss)
708 silly packumentCache full:https://registry.npmjs.org/cssesc set size:undefined disposed:false
709 silly fetch manifest mz@^2.7.0
710 silly packumentCache full:https://registry.npmjs.org/mz cache-miss
711 http fetch GET 200 https://registry.npmjs.org/util-deprecate 30ms (cache miss)
712 silly packumentCache full:https://registry.npmjs.org/util-deprecate set size:undefined disposed:false
713 silly fetch manifest pirates@^4.0.1
714 silly packumentCache full:https://registry.npmjs.org/pirates cache-miss
715 http fetch GET 200 https://registry.npmjs.org/path-parse 64ms (cache miss)
716 silly packumentCache full:https://registry.npmjs.org/path-parse set size:undefined disposed:false
717 silly fetch manifest tinyglobby@^0.2.11
718 silly packumentCache full:https://registry.npmjs.org/tinyglobby cache-miss
719 http fetch GET 200 https://registry.npmjs.org/es-errors 80ms (cache miss)
720 silly packumentCache full:https://registry.npmjs.org/es-errors set size:undefined disposed:false
721 silly fetch manifest ts-interface-checker@^0.1.9
722 silly packumentCache full:https://registry.npmjs.org/ts-interface-checker cache-miss
723 http fetch GET 200 https://registry.npmjs.org/is-core-module 72ms (cache miss)
724 silly packumentCache full:https://registry.npmjs.org/is-core-module set size:undefined disposed:false
725 http fetch GET 200 https://registry.npmjs.org/lines-and-columns 62ms (cache miss)
726 silly packumentCache full:https://registry.npmjs.org/lines-and-columns set size:undefined disposed:false
727 http fetch GET 200 https://registry.npmjs.org/supports-preserve-symlinks-flag 70ms (cache miss)
728 silly packumentCache full:https://registry.npmjs.org/supports-preserve-symlinks-flag set size:undefined disposed:false
729 http fetch GET 200 https://registry.npmjs.org/mz 59ms (cache miss)
730 silly packumentCache full:https://registry.npmjs.org/mz set size:undefined disposed:false
731 http fetch GET 200 https://registry.npmjs.org/pirates 58ms (cache miss)
732 silly packumentCache full:https://registry.npmjs.org/pirates set size:undefined disposed:false
733 http fetch GET 200 https://registry.npmjs.org/@jridgewell%2fgen-mapping 68ms (cache miss)
734 silly packumentCache full:https://registry.npmjs.org/@jridgewell%2fgen-mapping set size:undefined disposed:false
735 http fetch GET 200 https://registry.npmjs.org/commander 71ms (cache miss)
736 silly packumentCache full:https://registry.npmjs.org/commander set size:undefined disposed:false
737 http fetch GET 200 https://registry.npmjs.org/tinyglobby 56ms (cache miss)
738 silly packumentCache full:https://registry.npmjs.org/tinyglobby set size:undefined disposed:false
739 http fetch GET 200 https://registry.npmjs.org/ts-interface-checker 56ms (cache miss)
740 silly packumentCache full:https://registry.npmjs.org/ts-interface-checker set size:undefined disposed:false
741 silly placeDep ROOT anymatch@3.1.3 OK for: chokidar@3.6.0 want: ~3.1.2
742 silly placeDep ROOT braces@3.0.3 OK for: chokidar@3.6.0 want: ~3.0.2
743 silly placeDep node_modules/chokidar glob-parent@5.1.2 OK for: chokidar@3.6.0 want: ~5.1.2
744 silly placeDep ROOT is-binary-path@2.1.0 OK for: chokidar@3.6.0 want: ~2.1.0
745 silly placeDep ROOT readdirp@3.6.0 OK for: chokidar@3.6.0 want: ~3.6.0
746 silly fetch manifest picomatch@^2.0.4
747 silly packumentCache full:https://registry.npmjs.org/picomatch cache-miss
748 silly fetch manifest fill-range@^7.1.1
749 silly packumentCache full:https://registry.npmjs.org/fill-range cache-miss
750 silly fetch manifest binary-extensions@^2.0.0
751 silly packumentCache full:https://registry.npmjs.org/binary-extensions cache-miss
752 silly fetch manifest picomatch@^2.2.1
753 silly packumentCache full:https://registry.npmjs.org/picomatch cache-miss
754 http cache https://registry.npmjs.org/picomatch 3ms (cache hit)
755 silly packumentCache full:https://registry.npmjs.org/picomatch set size:126376 disposed:false
756 http cache https://registry.npmjs.org/picomatch 3ms (cache hit)
757 silly packumentCache full:https://registry.npmjs.org/picomatch set size:126376 disposed:false
758 silly packumentCache full:https://registry.npmjs.org/picomatch dispose
759 http fetch GET 200 https://registry.npmjs.org/fill-range 71ms (cache miss)
760 silly packumentCache full:https://registry.npmjs.org/fill-range set size:undefined disposed:false
761 http fetch GET 200 https://registry.npmjs.org/binary-extensions 72ms (cache miss)
762 silly packumentCache full:https://registry.npmjs.org/binary-extensions set size:undefined disposed:false
763 silly placeDep ROOT picomatch@2.3.2 OK for: anymatch@3.1.3 want: ^2.0.4
764 silly placeDep ROOT fill-range@7.1.1 OK for: braces@3.0.3 want: ^7.1.1
765 silly fetch manifest to-regex-range@^5.0.1
766 silly packumentCache full:https://registry.npmjs.org/to-regex-range cache-miss
767 http fetch GET 200 https://registry.npmjs.org/to-regex-range 50ms (cache miss)
768 silly packumentCache full:https://registry.npmjs.org/to-regex-range set size:undefined disposed:false
769 silly placeDep ROOT @nodelib/fs.stat@2.0.5 OK for: fast-glob@3.3.3 want: ^2.0.2
770 silly placeDep ROOT @nodelib/fs.walk@1.2.8 OK for: fast-glob@3.3.3 want: ^1.2.3
771 silly placeDep node_modules/fast-glob glob-parent@5.1.2 OK for: fast-glob@3.3.3 want: ^5.1.2
772 silly placeDep ROOT merge2@1.4.1 OK for: fast-glob@3.3.3 want: ^1.3.0
773 silly fetch manifest fastq@^1.6.0
774 silly packumentCache full:https://registry.npmjs.org/fastq cache-miss
775 silly fetch manifest @nodelib/fs.scandir@2.1.5
776 silly packumentCache full:https://registry.npmjs.org/@nodelib%2ffs.scandir cache-miss
777 http fetch GET 200 https://registry.npmjs.org/fastq 39ms (cache miss)
778 silly packumentCache full:https://registry.npmjs.org/fastq set size:undefined disposed:false
779 http fetch GET 200 https://registry.npmjs.org/@nodelib%2ffs.scandir 49ms (cache miss)
780 silly packumentCache full:https://registry.npmjs.org/@nodelib%2ffs.scandir set size:undefined disposed:false
781 silly placeDep ROOT @nodelib/fs.scandir@2.1.5 OK for: @nodelib/fs.walk@1.2.8 want: 2.1.5
782 silly placeDep ROOT fastq@1.20.1 OK for: @nodelib/fs.walk@1.2.8 want: ^1.6.0
783 silly fetch manifest run-parallel@^1.1.9
784 silly packumentCache full:https://registry.npmjs.org/run-parallel cache-miss
785 silly fetch manifest reusify@^1.0.4
786 silly packumentCache full:https://registry.npmjs.org/reusify cache-miss
787 http fetch GET 200 https://registry.npmjs.org/reusify 41ms (cache miss)
788 silly packumentCache full:https://registry.npmjs.org/reusify set size:undefined disposed:false
789 http fetch GET 200 https://registry.npmjs.org/run-parallel 41ms (cache miss)
790 silly packumentCache full:https://registry.npmjs.org/run-parallel set size:undefined disposed:false
791 silly placeDep ROOT run-parallel@1.2.0 OK for: @nodelib/fs.scandir@2.1.5 want: ^1.1.9
792 silly fetch manifest queue-microtask@^1.2.2
793 silly packumentCache full:https://registry.npmjs.org/queue-microtask cache-miss
794 http fetch GET 200 https://registry.npmjs.org/queue-microtask 69ms (cache miss)
795 silly packumentCache full:https://registry.npmjs.org/queue-microtask set size:undefined disposed:false
796 silly placeDep ROOT reusify@1.1.0 OK for: fastq@1.20.1 want: ^1.0.4
797 silly placeDep ROOT to-regex-range@5.0.1 OK for: fill-range@7.1.1 want: ^5.0.1
798 silly fetch manifest is-number@^7.0.0
799 silly packumentCache full:https://registry.npmjs.org/is-number cache-miss
800 http fetch GET 200 https://registry.npmjs.org/is-number 42ms (cache miss)
801 silly packumentCache full:https://registry.npmjs.org/is-number set size:undefined disposed:false
802 silly placeDep ROOT binary-extensions@2.3.0 OK for: is-binary-path@2.1.0 want: ^2.0.0
803 silly placeDep ROOT is-extglob@2.1.1 OK for: is-glob@4.0.3 want: ^2.1.1
804 silly placeDep ROOT read-cache@1.0.0 OK for: postcss-import@15.1.0 want: ^1.0.0
805 silly fetch manifest pify@^2.3.0
806 silly packumentCache full:https://registry.npmjs.org/pify cache-miss
807 http fetch GET 200 https://registry.npmjs.org/pify 72ms (cache miss)
808 silly packumentCache full:https://registry.npmjs.org/pify set size:undefined disposed:false
809 silly placeDep ROOT camelcase-css@2.0.1 OK for: postcss-js@4.1.0 want: ^2.0.1
810 silly placeDep ROOT cssesc@3.0.0 OK for: postcss-selector-parser@6.1.2 want: ^3.0.0
811 silly placeDep ROOT util-deprecate@1.0.2 OK for: postcss-selector-parser@6.1.2 want: ^1.0.2
812 silly placeDep ROOT pify@2.3.0 OK for: read-cache@1.0.0 want: ^2.3.0
813 silly placeDep ROOT es-errors@1.3.0 OK for: resolve@1.22.12 want: ^1.3.0
814 silly placeDep ROOT is-core-module@2.16.1 OK for: resolve@1.22.12 want: ^2.16.1
815 silly placeDep ROOT path-parse@1.0.7 OK for: resolve@1.22.12 want: ^1.0.7
816 silly placeDep ROOT supports-preserve-symlinks-flag@1.0.0 OK for: resolve@1.22.12 want: ^1.0.0
817 silly fetch manifest hasown@^2.0.2
818 silly packumentCache full:https://registry.npmjs.org/hasown cache-miss
819 http fetch GET 200 https://registry.npmjs.org/hasown 90ms (cache miss)
820 silly packumentCache full:https://registry.npmjs.org/hasown set size:undefined disposed:false
821 silly placeDep ROOT hasown@2.0.3 OK for: is-core-module@2.16.1 want: ^2.0.2
822 silly fetch manifest function-bind@^1.1.2
823 silly packumentCache full:https://registry.npmjs.org/function-bind cache-miss
824 http fetch GET 200 https://registry.npmjs.org/function-bind 53ms (cache miss)
825 silly packumentCache full:https://registry.npmjs.org/function-bind set size:undefined disposed:false
826 silly placeDep ROOT function-bind@1.1.2 OK for: hasown@2.0.3 want: ^1.1.2
827 silly placeDep ROOT queue-microtask@1.2.3 OK for: run-parallel@1.2.0 want: ^1.2.2
828 silly placeDep ROOT @jridgewell/gen-mapping@0.3.13 OK for: sucrase@3.35.1 want: ^0.3.2
829 silly placeDep ROOT commander@4.1.1 OK for: sucrase@3.35.1 want: ^4.0.0
830 silly placeDep ROOT lines-and-columns@1.2.4 OK for: sucrase@3.35.1 want: ^1.1.6
831 silly placeDep ROOT mz@2.7.0 OK for: sucrase@3.35.1 want: ^2.7.0
832 silly placeDep ROOT pirates@4.0.7 OK for: sucrase@3.35.1 want: ^4.0.1
833 silly placeDep ROOT tinyglobby@0.2.16 OK for: sucrase@3.35.1 want: ^0.2.11
834 silly placeDep ROOT ts-interface-checker@0.1.13 OK for: sucrase@3.35.1 want: ^0.1.9
835 silly fetch manifest @jridgewell/sourcemap-codec@^1.5.0
836 silly packumentCache full:https://registry.npmjs.org/@jridgewell%2fsourcemap-codec cache-miss
837 silly fetch manifest @jridgewell/trace-mapping@^0.3.24
838 silly packumentCache full:https://registry.npmjs.org/@jridgewell%2ftrace-mapping cache-miss
839 silly fetch manifest any-promise@^1.0.0
840 silly packumentCache full:https://registry.npmjs.org/any-promise cache-miss
841 silly fetch manifest object-assign@^4.0.1
842 silly packumentCache full:https://registry.npmjs.org/object-assign cache-miss
843 silly fetch manifest thenify-all@^1.0.0
844 silly packumentCache full:https://registry.npmjs.org/thenify-all cache-miss
845 silly fetch manifest fdir@^6.5.0
846 silly packumentCache full:https://registry.npmjs.org/fdir cache-miss
847 silly fetch manifest picomatch@^4.0.4
848 silly packumentCache full:https://registry.npmjs.org/picomatch cache-hit
849 http fetch GET 200 https://registry.npmjs.org/any-promise 43ms (cache miss)
850 silly packumentCache full:https://registry.npmjs.org/any-promise set size:undefined disposed:false
851 http fetch GET 200 https://registry.npmjs.org/object-assign 42ms (cache miss)
852 silly packumentCache full:https://registry.npmjs.org/object-assign set size:undefined disposed:false
853 http fetch GET 200 https://registry.npmjs.org/thenify-all 44ms (cache miss)
854 silly packumentCache full:https://registry.npmjs.org/thenify-all set size:undefined disposed:false
855 http fetch GET 200 https://registry.npmjs.org/fdir 53ms (cache miss)
856 silly packumentCache full:https://registry.npmjs.org/fdir set size:undefined disposed:false
857 http fetch GET 200 https://registry.npmjs.org/@jridgewell%2ftrace-mapping 57ms (cache miss)
858 silly packumentCache full:https://registry.npmjs.org/@jridgewell%2ftrace-mapping set size:undefined disposed:false
859 http fetch GET 200 https://registry.npmjs.org/@jridgewell%2fsourcemap-codec 100ms (cache miss)
860 silly packumentCache full:https://registry.npmjs.org/@jridgewell%2fsourcemap-codec set size:undefined disposed:false
861 silly placeDep ROOT @jridgewell/sourcemap-codec@1.5.5 OK for: @jridgewell/gen-mapping@0.3.13 want: ^1.5.0
862 silly placeDep ROOT @jridgewell/trace-mapping@0.3.31 OK for: @jridgewell/gen-mapping@0.3.13 want: ^0.3.24
863 silly fetch manifest @jridgewell/resolve-uri@^3.1.0
864 silly packumentCache full:https://registry.npmjs.org/@jridgewell%2fresolve-uri cache-miss
865 http fetch GET 200 https://registry.npmjs.org/@jridgewell%2fresolve-uri 84ms (cache miss)
866 silly packumentCache full:https://registry.npmjs.org/@jridgewell%2fresolve-uri set size:undefined disposed:false
867 silly placeDep ROOT @jridgewell/resolve-uri@3.1.2 OK for: @jridgewell/trace-mapping@0.3.31 want: ^3.1.0
868 silly placeDep ROOT any-promise@1.3.0 OK for: mz@2.7.0 want: ^1.0.0
869 silly placeDep ROOT object-assign@4.1.1 OK for: mz@2.7.0 want: ^4.0.1
870 silly placeDep ROOT thenify-all@1.6.0 OK for: mz@2.7.0 want: ^1.0.0
871 silly fetch manifest thenify@>= 3.1.0 < 4
872 silly packumentCache full:https://registry.npmjs.org/thenify cache-miss
873 http fetch GET 200 https://registry.npmjs.org/thenify 59ms (cache miss)
874 silly packumentCache full:https://registry.npmjs.org/thenify set size:undefined disposed:false
875 silly placeDep ROOT thenify@3.3.1 OK for: thenify-all@1.6.0 want: >= 3.1.0 < 4
876 silly placeDep node_modules/tinyglobby fdir@6.5.0 OK for: tinyglobby@0.2.16 want: ^6.5.0
877 silly placeDep node_modules/tinyglobby picomatch@4.0.4 OK for: fdir@6.5.0 want: ^3 || ^4
878 silly placeDep ROOT is-number@7.0.0 OK for: to-regex-range@5.0.1 want: ^7.0.0
879 silly placeDep ROOT escalade@3.2.0 OK for: update-browserslist-db@1.2.3 want: ^3.2.0
880 silly placeDep ROOT cliui@8.0.1 OK for: yargs@17.7.2 want: ^8.0.1
881 silly placeDep ROOT get-caller-file@2.0.5 OK for: yargs@17.7.2 want: ^2.0.5
882 silly placeDep ROOT require-directory@2.1.1 OK for: yargs@17.7.2 want: ^2.1.1
883 silly placeDep ROOT string-width@4.2.3 OK for: yargs@17.7.2 want: ^4.2.3
884 silly placeDep ROOT y18n@5.0.8 OK for: yargs@17.7.2 want: ^5.0.5
885 silly placeDep ROOT yargs-parser@21.1.1 OK for: yargs@17.7.2 want: ^21.1.1
886 silly fetch manifest wrap-ansi@^7.0.0
887 silly packumentCache full:https://registry.npmjs.org/wrap-ansi cache-miss
888 silly fetch manifest strip-ansi@^6.0.1
889 silly packumentCache full:https://registry.npmjs.org/strip-ansi cache-miss
890 silly fetch manifest string-width@^4.2.0
891 silly packumentCache full:https://registry.npmjs.org/string-width cache-miss
892 silly fetch manifest strip-ansi@^6.0.1
893 silly packumentCache full:https://registry.npmjs.org/strip-ansi cache-miss
894 silly fetch manifest emoji-regex@^8.0.0
895 silly packumentCache full:https://registry.npmjs.org/emoji-regex cache-miss
896 silly fetch manifest is-fullwidth-code-point@^3.0.0
897 silly packumentCache full:https://registry.npmjs.org/is-fullwidth-code-point cache-miss
898 http cache https://registry.npmjs.org/string-width 4ms (cache hit)
899 silly packumentCache full:https://registry.npmjs.org/string-width set size:70381 disposed:false
900 http fetch GET 200 https://registry.npmjs.org/wrap-ansi 40ms (cache miss)
901 silly packumentCache full:https://registry.npmjs.org/wrap-ansi set size:undefined disposed:false
902 http fetch GET 200 https://registry.npmjs.org/is-fullwidth-code-point 39ms (cache miss)
903 silly packumentCache full:https://registry.npmjs.org/is-fullwidth-code-point set size:undefined disposed:false
904 http fetch GET 200 https://registry.npmjs.org/strip-ansi 40ms (cache miss)
905 silly packumentCache full:https://registry.npmjs.org/strip-ansi set size:undefined disposed:false
906 http fetch GET 200 https://registry.npmjs.org/strip-ansi 41ms (cache miss)
907 silly packumentCache full:https://registry.npmjs.org/strip-ansi set size:undefined disposed:false
908 http fetch GET 200 https://registry.npmjs.org/emoji-regex 41ms (cache miss)
909 silly packumentCache full:https://registry.npmjs.org/emoji-regex set size:undefined disposed:false
910 silly placeDep ROOT strip-ansi@6.0.1 OK for: cliui@8.0.1 want: ^6.0.1
911 silly placeDep ROOT wrap-ansi@7.0.0 OK for: cliui@8.0.1 want: ^7.0.0
912 silly fetch manifest ansi-regex@^5.0.1
913 silly packumentCache full:https://registry.npmjs.org/ansi-regex cache-miss
914 http fetch GET 200 https://registry.npmjs.org/ansi-regex 49ms (cache miss)
915 silly packumentCache full:https://registry.npmjs.org/ansi-regex set size:undefined disposed:false
916 silly placeDep ROOT emoji-regex@8.0.0 OK for: string-width@4.2.3 want: ^8.0.0
917 silly placeDep ROOT is-fullwidth-code-point@3.0.0 OK for: string-width@4.2.3 want: ^3.0.0
918 silly placeDep ROOT ansi-regex@5.0.1 OK for: strip-ansi@6.0.1 want: ^5.0.1
919 silly reify moves {}
920 silly audit bulk request {
920 silly audit   '@prisma/client': [ '5.22.0' ],
920 silly audit   '@supabase/ssr': [ '0.5.2' ],
920 silly audit   '@supabase/supabase-js': [ '2.105.1' ],
920 silly audit   '@types/node': [ '20.19.39' ],
920 silly audit   '@types/react': [ '18.3.28' ],
920 silly audit   '@types/react-dom': [ '18.3.7' ],
920 silly audit   autoprefixer: [ '10.5.0' ],
920 silly audit   postcss: [ '8.5.12', '8.4.31' ],
920 silly audit   concurrently: [ '9.2.1' ],
920 silly audit   next: [ '14.2.35' ],
920 silly audit   react: [ '18.3.1' ],
920 silly audit   'react-dom': [ '18.3.1' ],
920 silly audit   prisma: [ '5.22.0' ],
920 silly audit   tailwindcss: [ '3.4.19' ],
920 silly audit   typescript: [ '5.9.3' ],
920 silly audit   '@types/cookie': [ '0.6.0' ],
920 silly audit   cookie: [ '0.7.2' ],
920 silly audit   '@supabase/auth-js': [ '2.105.1' ],
920 silly audit   '@supabase/functions-js': [ '2.105.1' ],
920 silly audit   '@supabase/postgrest-js': [ '2.105.1' ],
920 silly audit   '@supabase/realtime-js': [ '2.105.1' ],
920 silly audit   '@supabase/storage-js': [ '2.105.1' ],
920 silly audit   tslib: [ '2.8.1' ],
920 silly audit   '@supabase/phoenix': [ '0.4.1' ],
920 silly audit   '@types/ws': [ '8.18.1' ],
920 silly audit   ws: [ '8.20.0' ],
920 silly audit   'iceberg-js': [ '0.8.1' ],
920 silly audit   'undici-types': [ '6.21.0' ],
920 silly audit   '@types/prop-types': [ '15.7.15' ],
920 silly audit   csstype: [ '3.2.3' ],
920 silly audit   browserslist: [ '4.28.2' ],
920 silly audit   'caniuse-lite': [ '1.0.30001791' ],
920 silly audit   'fraction.js': [ '5.3.4' ],
920 silly audit   picocolors: [ '1.1.1' ],
920 silly audit   'postcss-value-parser': [ '4.2.0' ],
920 silly audit   'baseline-browser-mapping': [ '2.10.24' ],
920 silly audit   'electron-to-chromium': [ '1.5.345' ],
920 silly audit   'node-releases': [ '2.0.38' ],
920 silly audit   'update-browserslist-db': [ '1.2.3' ],
920 silly audit   chalk: [ '4.1.2' ],
920 silly audit   rxjs: [ '7.8.2' ],
920 silly audit   'shell-quote': [ '1.8.3' ],
920 silly audit   'supports-color': [ '8.1.1', '7.2.0' ],
920 silly audit   'tree-kill': [ '1.2.2' ],
920 silly audit   yargs: [ '17.7.2' ],
920 silly audit   'ansi-styles': [ '4.3.0' ],
920 silly audit   'color-convert': [ '2.0.1' ],
920 silly audit   'color-name': [ '1.1.4' ],
920 silly audit   '@next/env': [ '14.2.35' ],
920 silly audit   '@next/swc-darwin-arm64': [ '14.2.33' ],
920 silly audit   '@next/swc-darwin-x64': [ '14.2.33' ],
920 silly audit   '@next/swc-linux-arm64-gnu': [ '14.2.33' ],
920 silly audit   '@next/swc-linux-arm64-musl': [ '14.2.33' ],
920 silly audit   '@next/swc-linux-x64-gnu': [ '14.2.33' ],
920 silly audit   '@next/swc-linux-x64-musl': [ '14.2.33' ],
920 silly audit   '@next/swc-win32-arm64-msvc': [ '14.2.33' ],
920 silly audit   '@next/swc-win32-ia32-msvc': [ '14.2.33' ],
920 silly audit   '@next/swc-win32-x64-msvc': [ '14.2.33' ],
920 silly audit   '@swc/helpers': [ '0.5.5' ],
920 silly audit   busboy: [ '1.6.0' ],
920 silly audit   'graceful-fs': [ '4.2.11' ],
920 silly audit   'styled-jsx': [ '5.1.1' ],
920 silly audit   '@swc/counter': [ '0.1.3' ],
920 silly audit   streamsearch: [ '1.1.0' ],
920 silly audit   nanoid: [ '3.3.11' ],
920 silly audit   'source-map-js': [ '1.2.1' ],
920 silly audit   '@prisma/engines': [ '5.22.0' ],
920 silly audit   fsevents: [ '2.3.3' ],
920 silly audit   '@prisma/debug': [ '5.22.0' ],
920 silly audit   '@prisma/engines-version': [ '5.22.0-44.605197351a3c8bdd595af2d2a9bc3025bca48ea2' ],
920 silly audit   '@prisma/fetch-engine': [ '5.22.0' ],
920 silly audit   '@prisma/get-platform': [ '5.22.0' ],
920 silly audit   'loose-envify': [ '1.4.0' ],
920 silly audit   'js-tokens': [ '4.0.0' ],
920 silly audit   scheduler: [ '0.23.2' ],
920 silly audit   'client-only': [ '0.0.1' ],
920 silly audit   'has-flag': [ '4.0.0' ],
920 silly audit   '@alloc/quick-lru': [ '5.2.0' ],
920 silly audit   arg: [ '5.0.2' ],
920 silly audit   chokidar: [ '3.6.0' ],
920 silly audit   didyoumean: [ '1.2.2' ],
920 silly audit   dlv: [ '1.1.3' ],
920 silly audit   'fast-glob': [ '3.3.3' ],
920 silly audit   'glob-parent': [ '6.0.2', '5.1.2' ],
920 silly audit   'is-glob': [ '4.0.3' ],
920 silly audit   jiti: [ '1.21.7' ],
920 silly audit   lilconfig: [ '3.1.3' ],
920 silly audit   micromatch: [ '4.0.8' ],
920 silly audit   'normalize-path': [ '3.0.0' ],
920 silly audit   'object-hash': [ '3.0.0' ],
920 silly audit   'postcss-import': [ '15.1.0' ],
920 silly audit   'postcss-js': [ '4.1.0' ],
920 silly audit   'postcss-load-config': [ '6.0.1' ],
920 silly audit   'postcss-nested': [ '6.2.0' ],
920 silly audit   'postcss-selector-parser': [ '6.1.2' ],
920 silly audit   resolve: [ '1.22.12' ],
920 silly audit   sucrase: [ '3.35.1' ],
920 silly audit   anymatch: [ '3.1.3' ],
920 silly audit   braces: [ '3.0.3' ],
920 silly audit   'is-binary-path': [ '2.1.0' ],
920 silly audit   readdirp: [ '3.6.0' ],
920 silly audit   picomatch: [ '2.3.2', '4.0.4' ],
920 silly audit   'fill-range': [ '7.1.1' ],
920 silly audit   '@nodelib/fs.stat': [ '2.0.5' ],
920 silly audit   '@nodelib/fs.walk': [ '1.2.8' ],
920 silly audit   merge2: [ '1.4.1' ],
920 silly audit   '@nodelib/fs.scandir': [ '2.1.5' ],
920 silly audit   fastq: [ '1.20.1' ],
920 silly audit   'run-parallel': [ '1.2.0' ],
920 silly audit   reusify: [ '1.1.0' ],
920 silly audit   'to-regex-range': [ '5.0.1' ],
920 silly audit   'binary-extensions': [ '2.3.0' ],
920 silly audit   'is-extglob': [ '2.1.1' ],
920 silly audit   'read-cache': [ '1.0.0' ],
920 silly audit   'camelcase-css': [ '2.0.1' ],
920 silly audit   cssesc: [ '3.0.0' ],
920 silly audit   'util-deprecate': [ '1.0.2' ],
920 silly audit   pify: [ '2.3.0' ],
920 silly audit   'es-errors': [ '1.3.0' ],
920 silly audit   'is-core-module': [ '2.16.1' ],
920 silly audit   'path-parse': [ '1.0.7' ],
920 silly audit   'supports-preserve-symlinks-flag': [ '1.0.0' ],
920 silly audit   hasown: [ '2.0.3' ],
920 silly audit   'function-bind': [ '1.1.2' ],
920 silly audit   'queue-microtask': [ '1.2.3' ],
920 silly audit   '@jridgewell/gen-mapping': [ '0.3.13' ],
920 silly audit   commander: [ '4.1.1' ],
920 silly audit   'lines-and-columns': [ '1.2.4' ],
920 silly audit   mz: [ '2.7.0' ],
920 silly audit   pirates: [ '4.0.7' ],
920 silly audit   tinyglobby: [ '0.2.16' ],
920 silly audit   'ts-interface-checker': [ '0.1.13' ],
920 silly audit   '@jridgewell/sourcemap-codec': [ '1.5.5' ],
920 silly audit   '@jridgewell/trace-mapping': [ '0.3.31' ],
920 silly audit   '@jridgewell/resolve-uri': [ '3.1.2' ],
920 silly audit   'any-promise': [ '1.3.0' ],
920 silly audit   'object-assign': [ '4.1.1' ],
920 silly audit   'thenify-all': [ '1.6.0' ],
920 silly audit   thenify: [ '3.3.1' ],
920 silly audit   fdir: [ '6.5.0' ],
920 silly audit   'is-number': [ '7.0.0' ],
920 silly audit   escalade: [ '3.2.0' ],
920 silly audit   cliui: [ '8.0.1' ],
920 silly audit   'get-caller-file': [ '2.0.5' ],
920 silly audit   'require-directory': [ '2.1.1' ],
920 silly audit   'string-width': [ '4.2.3' ],
920 silly audit   y18n: [ '5.0.8' ],
920 silly audit   'yargs-parser': [ '21.1.1' ],
920 silly audit   'strip-ansi': [ '6.0.1' ],
920 silly audit   'wrap-ansi': [ '7.0.0' ],
920 silly audit   'emoji-regex': [ '8.0.0' ],
920 silly audit   'is-fullwidth-code-point': [ '3.0.0' ],
920 silly audit   'ansi-regex': [ '5.0.1' ]
920 silly audit }
921 http cache is-fullwidth-code-point@https://registry.npmjs.org/is-fullwidth-code-point/-/is-fullwidth-code-point-3.0.0.tgz 0ms (cache hit)
922 http cache ansi-regex@https://registry.npmjs.org/ansi-regex/-/ansi-regex-5.0.1.tgz 0ms (cache hit)
923 http cache string-width@https://registry.npmjs.org/string-width/-/string-width-4.2.3.tgz 0ms (cache hit)
924 http cache y18n@https://registry.npmjs.org/y18n/-/y18n-5.0.8.tgz 0ms (cache hit)
925 http cache strip-ansi@https://registry.npmjs.org/strip-ansi/-/strip-ansi-6.0.1.tgz 0ms (cache hit)
926 http cache emoji-regex@https://registry.npmjs.org/emoji-regex/-/emoji-regex-8.0.0.tgz 0ms (cache hit)
927 http cache require-directory@https://registry.npmjs.org/require-directory/-/require-directory-2.1.1.tgz 0ms (cache hit)
928 http cache cliui@https://registry.npmjs.org/cliui/-/cliui-8.0.1.tgz 0ms (cache hit)
929 http cache yargs-parser@https://registry.npmjs.org/yargs-parser/-/yargs-parser-21.1.1.tgz 0ms (cache hit)
930 http cache get-caller-file@https://registry.npmjs.org/get-caller-file/-/get-caller-file-2.0.5.tgz 0ms (cache hit)
931 http cache escalade@https://registry.npmjs.org/escalade/-/escalade-3.2.0.tgz 0ms (cache hit)
932 http cache thenify@https://registry.npmjs.org/thenify/-/thenify-3.3.1.tgz 0ms (cache hit)
933 http cache is-number@https://registry.npmjs.org/is-number/-/is-number-7.0.0.tgz 0ms (cache hit)
934 http cache thenify-all@https://registry.npmjs.org/thenify-all/-/thenify-all-1.6.0.tgz 0ms (cache hit)
935 http cache wrap-ansi@https://registry.npmjs.org/wrap-ansi/-/wrap-ansi-7.0.0.tgz 0ms (cache hit)
936 http cache @jridgewell/resolve-uri@https://registry.npmjs.org/@jridgewell/resolve-uri/-/resolve-uri-3.1.2.tgz 0ms (cache hit)
937 http cache object-assign@https://registry.npmjs.org/object-assign/-/object-assign-4.1.1.tgz 0ms (cache hit)
938 http cache ts-interface-checker@https://registry.npmjs.org/ts-interface-checker/-/ts-interface-checker-0.1.13.tgz 0ms (cache hit)
939 http cache @jridgewell/sourcemap-codec@https://registry.npmjs.org/@jridgewell/sourcemap-codec/-/sourcemap-codec-1.5.5.tgz 0ms (cache hit)
940 http cache any-promise@https://registry.npmjs.org/any-promise/-/any-promise-1.3.0.tgz 0ms (cache hit)
941 http cache tinyglobby@https://registry.npmjs.org/tinyglobby/-/tinyglobby-0.2.16.tgz 0ms (cache hit)
942 http cache lines-and-columns@https://registry.npmjs.org/lines-and-columns/-/lines-and-columns-1.2.4.tgz 0ms (cache hit)
943 http cache pirates@https://registry.npmjs.org/pirates/-/pirates-4.0.7.tgz 0ms (cache hit)
944 http cache mz@https://registry.npmjs.org/mz/-/mz-2.7.0.tgz 0ms (cache hit)
945 http cache commander@https://registry.npmjs.org/commander/-/commander-4.1.1.tgz 0ms (cache hit)
946 http cache @jridgewell/gen-mapping@https://registry.npmjs.org/@jridgewell/gen-mapping/-/gen-mapping-0.3.13.tgz 0ms (cache hit)
947 http cache queue-microtask@https://registry.npmjs.org/queue-microtask/-/queue-microtask-1.2.3.tgz 0ms (cache hit)
948 http cache path-parse@https://registry.npmjs.org/path-parse/-/path-parse-1.0.7.tgz 0ms (cache hit)
949 http cache supports-preserve-symlinks-flag@https://registry.npmjs.org/supports-preserve-symlinks-flag/-/supports-preserve-symlinks-flag-1.0.0.tgz 0ms (cache hit)
950 http cache function-bind@https://registry.npmjs.org/function-bind/-/function-bind-1.1.2.tgz 0ms (cache hit)
951 http cache hasown@https://registry.npmjs.org/hasown/-/hasown-2.0.3.tgz 0ms (cache hit)
952 http cache is-core-module@https://registry.npmjs.org/is-core-module/-/is-core-module-2.16.1.tgz 0ms (cache hit)
953 http cache es-errors@https://registry.npmjs.org/es-errors/-/es-errors-1.3.0.tgz 0ms (cache hit)
954 http cache pify@https://registry.npmjs.org/pify/-/pify-2.3.0.tgz 0ms (cache hit)
955 http cache @jridgewell/trace-mapping@https://registry.npmjs.org/@jridgewell/trace-mapping/-/trace-mapping-0.3.31.tgz 0ms (cache hit)
956 http cache util-deprecate@https://registry.npmjs.org/util-deprecate/-/util-deprecate-1.0.2.tgz 0ms (cache hit)
957 http cache cssesc@https://registry.npmjs.org/cssesc/-/cssesc-3.0.0.tgz 0ms (cache hit)
958 http cache camelcase-css@https://registry.npmjs.org/camelcase-css/-/camelcase-css-2.0.1.tgz 0ms (cache hit)
959 http cache binary-extensions@https://registry.npmjs.org/binary-extensions/-/binary-extensions-2.3.0.tgz 0ms (cache hit)
960 http cache to-regex-range@https://registry.npmjs.org/to-regex-range/-/to-regex-range-5.0.1.tgz 0ms (cache hit)
961 http cache is-extglob@https://registry.npmjs.org/is-extglob/-/is-extglob-2.1.1.tgz 0ms (cache hit)
962 http cache read-cache@https://registry.npmjs.org/read-cache/-/read-cache-1.0.0.tgz 0ms (cache hit)
963 http cache run-parallel@https://registry.npmjs.org/run-parallel/-/run-parallel-1.2.0.tgz 0ms (cache hit)
964 http cache reusify@https://registry.npmjs.org/reusify/-/reusify-1.1.0.tgz 0ms (cache hit)
965 http cache @nodelib/fs.scandir@https://registry.npmjs.org/@nodelib/fs.scandir/-/fs.scandir-2.1.5.tgz 0ms (cache hit)
966 http cache merge2@https://registry.npmjs.org/merge2/-/merge2-1.4.1.tgz 0ms (cache hit)
967 http cache fill-range@https://registry.npmjs.org/fill-range/-/fill-range-7.1.1.tgz 0ms (cache hit)
968 http cache @nodelib/fs.stat@https://registry.npmjs.org/@nodelib/fs.stat/-/fs.stat-2.0.5.tgz 0ms (cache hit)
969 http cache picomatch@https://registry.npmjs.org/picomatch/-/picomatch-2.3.2.tgz 0ms (cache hit)
970 http cache readdirp@https://registry.npmjs.org/readdirp/-/readdirp-3.6.0.tgz 0ms (cache hit)
971 http cache braces@https://registry.npmjs.org/braces/-/braces-3.0.3.tgz 0ms (cache hit)
972 http cache is-binary-path@https://registry.npmjs.org/is-binary-path/-/is-binary-path-2.1.0.tgz 0ms (cache hit)
973 http cache fastq@https://registry.npmjs.org/fastq/-/fastq-1.20.1.tgz 0ms (cache hit)
974 http cache @nodelib/fs.walk@https://registry.npmjs.org/@nodelib/fs.walk/-/fs.walk-1.2.8.tgz 0ms (cache hit)
975 http cache sucrase@https://registry.npmjs.org/sucrase/-/sucrase-3.35.1.tgz 0ms (cache hit)
976 http cache postcss-selector-parser@https://registry.npmjs.org/postcss-selector-parser/-/postcss-selector-parser-6.1.2.tgz 0ms (cache hit)
977 http cache postcss-js@https://registry.npmjs.org/postcss-js/-/postcss-js-4.1.0.tgz 0ms (cache hit)
978 http cache postcss-nested@https://registry.npmjs.org/postcss-nested/-/postcss-nested-6.2.0.tgz 0ms (cache hit)
979 http cache anymatch@https://registry.npmjs.org/anymatch/-/anymatch-3.1.3.tgz 0ms (cache hit)
980 http cache postcss-load-config@https://registry.npmjs.org/postcss-load-config/-/postcss-load-config-6.0.1.tgz 0ms (cache hit)
981 http cache object-hash@https://registry.npmjs.org/object-hash/-/object-hash-3.0.0.tgz 0ms (cache hit)
982 http cache lilconfig@https://registry.npmjs.org/lilconfig/-/lilconfig-3.1.3.tgz 0ms (cache hit)
983 http cache normalize-path@https://registry.npmjs.org/normalize-path/-/normalize-path-3.0.0.tgz 0ms (cache hit)
984 http cache resolve@https://registry.npmjs.org/resolve/-/resolve-1.22.12.tgz 0ms (cache hit)
985 http cache postcss-import@https://registry.npmjs.org/postcss-import/-/postcss-import-15.1.0.tgz 0ms (cache hit)
986 http cache micromatch@https://registry.npmjs.org/micromatch/-/micromatch-4.0.8.tgz 0ms (cache hit)
987 http cache is-glob@https://registry.npmjs.org/is-glob/-/is-glob-4.0.3.tgz 0ms (cache hit)
988 http cache jiti@https://registry.npmjs.org/jiti/-/jiti-1.21.7.tgz 0ms (cache hit)
989 http cache dlv@https://registry.npmjs.org/dlv/-/dlv-1.1.3.tgz 0ms (cache hit)
990 http cache fast-glob@https://registry.npmjs.org/fast-glob/-/fast-glob-3.3.3.tgz 0ms (cache hit)
991 http cache didyoumean@https://registry.npmjs.org/didyoumean/-/didyoumean-1.2.2.tgz 0ms (cache hit)
992 http cache chokidar@https://registry.npmjs.org/chokidar/-/chokidar-3.6.0.tgz 0ms (cache hit)
993 http cache arg@https://registry.npmjs.org/arg/-/arg-5.0.2.tgz 0ms (cache hit)
994 http cache glob-parent@https://registry.npmjs.org/glob-parent/-/glob-parent-6.0.2.tgz 0ms (cache hit)
995 http cache @alloc/quick-lru@https://registry.npmjs.org/@alloc/quick-lru/-/quick-lru-5.2.0.tgz 0ms (cache hit)
996 http cache has-flag@https://registry.npmjs.org/has-flag/-/has-flag-4.0.0.tgz 0ms (cache hit)
997 http cache client-only@https://registry.npmjs.org/client-only/-/client-only-0.0.1.tgz 0ms (cache hit)
998 http cache loose-envify@https://registry.npmjs.org/loose-envify/-/loose-envify-1.4.0.tgz 0ms (cache hit)
999 http cache @prisma/fetch-engine@https://registry.npmjs.org/@prisma/fetch-engine/-/fetch-engine-5.22.0.tgz 0ms (cache hit)
1000 http cache @prisma/get-platform@https://registry.npmjs.org/@prisma/get-platform/-/get-platform-5.22.0.tgz 0ms (cache hit)
1001 http cache js-tokens@https://registry.npmjs.org/js-tokens/-/js-tokens-4.0.0.tgz 0ms (cache hit)
1002 http cache scheduler@https://registry.npmjs.org/scheduler/-/scheduler-0.23.2.tgz 0ms (cache hit)
1003 http cache @prisma/engines-version@https://registry.npmjs.org/@prisma/engines-version/-/engines-version-5.22.0-44.605197351a3c8bdd595af2d2a9bc3025bca48ea2.tgz 0ms (cache hit)
1004 http cache @prisma/debug@https://registry.npmjs.org/@prisma/debug/-/debug-5.22.0.tgz 0ms (cache hit)
1005 http cache nanoid@https://registry.npmjs.org/nanoid/-/nanoid-3.3.11.tgz 0ms (cache hit)
1006 http cache source-map-js@https://registry.npmjs.org/source-map-js/-/source-map-js-1.2.1.tgz 0ms (cache hit)
1007 http cache streamsearch@https://registry.npmjs.org/streamsearch/-/streamsearch-1.1.0.tgz 0ms (cache hit)
1008 http cache fsevents@https://registry.npmjs.org/fsevents/-/fsevents-2.3.3.tgz 0ms (cache hit)
1009 http cache @prisma/engines@https://registry.npmjs.org/@prisma/engines/-/engines-5.22.0.tgz 0ms (cache hit)
1010 http cache styled-jsx@https://registry.npmjs.org/styled-jsx/-/styled-jsx-5.1.1.tgz 0ms (cache hit)
1011 http cache graceful-fs@https://registry.npmjs.org/graceful-fs/-/graceful-fs-4.2.11.tgz 0ms (cache hit)
1012 http cache busboy@https://registry.npmjs.org/busboy/-/busboy-1.6.0.tgz 0ms (cache hit)
1013 http cache @next/swc-darwin-arm64@https://registry.npmjs.org/@next/swc-darwin-arm64/-/swc-darwin-arm64-14.2.33.tgz 0ms (cache hit)
1014 http cache @swc/helpers@https://registry.npmjs.org/@swc/helpers/-/helpers-0.5.5.tgz 0ms (cache hit)
1015 http cache @swc/counter@https://registry.npmjs.org/@swc/counter/-/counter-0.1.3.tgz 0ms (cache hit)
1016 http cache ansi-styles@https://registry.npmjs.org/ansi-styles/-/ansi-styles-4.3.0.tgz 0ms (cache hit)
1017 http cache @next/env@https://registry.npmjs.org/@next/env/-/env-14.2.35.tgz 0ms (cache hit)
1018 http cache tree-kill@https://registry.npmjs.org/tree-kill/-/tree-kill-1.2.2.tgz 0ms (cache hit)
1019 http cache supports-color@https://registry.npmjs.org/supports-color/-/supports-color-8.1.1.tgz 0ms (cache hit)
1020 http cache yargs@https://registry.npmjs.org/yargs/-/yargs-17.7.2.tgz 0ms (cache hit)
1021 http cache color-convert@https://registry.npmjs.org/color-convert/-/color-convert-2.0.1.tgz 0ms (cache hit)
1022 http cache color-name@https://registry.npmjs.org/color-name/-/color-name-1.1.4.tgz 0ms (cache hit)
1023 http cache rxjs@https://registry.npmjs.org/rxjs/-/rxjs-7.8.2.tgz 0ms (cache hit)
1024 http cache electron-to-chromium@https://registry.npmjs.org/electron-to-chromium/-/electron-to-chromium-1.5.345.tgz 0ms (cache hit)
1025 http cache shell-quote@https://registry.npmjs.org/shell-quote/-/shell-quote-1.8.3.tgz 0ms (cache hit)
1026 http cache baseline-browser-mapping@https://registry.npmjs.org/baseline-browser-mapping/-/baseline-browser-mapping-2.10.24.tgz 0ms (cache hit)
1027 http cache chalk@https://registry.npmjs.org/chalk/-/chalk-4.1.2.tgz 0ms (cache hit)
1028 http cache update-browserslist-db@https://registry.npmjs.org/update-browserslist-db/-/update-browserslist-db-1.2.3.tgz 0ms (cache hit)
1029 http cache picocolors@https://registry.npmjs.org/picocolors/-/picocolors-1.1.1.tgz 0ms (cache hit)
1030 http cache node-releases@https://registry.npmjs.org/node-releases/-/node-releases-2.0.38.tgz 0ms (cache hit)
1031 http cache postcss-value-parser@https://registry.npmjs.org/postcss-value-parser/-/postcss-value-parser-4.2.0.tgz 0ms (cache hit)
1032 http cache caniuse-lite@https://registry.npmjs.org/caniuse-lite/-/caniuse-lite-1.0.30001791.tgz 0ms (cache hit)
1033 http cache fraction.js@https://registry.npmjs.org/fraction.js/-/fraction.js-5.3.4.tgz 0ms (cache hit)
1034 http cache undici-types@https://registry.npmjs.org/undici-types/-/undici-types-6.21.0.tgz 0ms (cache hit)
1035 http cache ws@https://registry.npmjs.org/ws/-/ws-8.20.0.tgz 0ms (cache hit)
1036 http cache csstype@https://registry.npmjs.org/csstype/-/csstype-3.2.3.tgz 0ms (cache hit)
1037 http cache @types/prop-types@https://registry.npmjs.org/@types/prop-types/-/prop-types-15.7.15.tgz 0ms (cache hit)
1038 http cache iceberg-js@https://registry.npmjs.org/iceberg-js/-/iceberg-js-0.8.1.tgz 0ms (cache hit)
1039 http cache @types/ws@https://registry.npmjs.org/@types/ws/-/ws-8.18.1.tgz 0ms (cache hit)
1040 http cache @supabase/phoenix@https://registry.npmjs.org/@supabase/phoenix/-/phoenix-0.4.1.tgz 0ms (cache hit)
1041 http cache @supabase/storage-js@https://registry.npmjs.org/@supabase/storage-js/-/storage-js-2.105.1.tgz 0ms (cache hit)
1042 http cache tslib@https://registry.npmjs.org/tslib/-/tslib-2.8.1.tgz 0ms (cache hit)
1043 http cache @supabase/postgrest-js@https://registry.npmjs.org/@supabase/postgrest-js/-/postgrest-js-2.105.1.tgz 0ms (cache hit)
1044 http cache @supabase/functions-js@https://registry.npmjs.org/@supabase/functions-js/-/functions-js-2.105.1.tgz 0ms (cache hit)
1045 http cache @supabase/realtime-js@https://registry.npmjs.org/@supabase/realtime-js/-/realtime-js-2.105.1.tgz 0ms (cache hit)
1046 http cache @supabase/auth-js@https://registry.npmjs.org/@supabase/auth-js/-/auth-js-2.105.1.tgz 0ms (cache hit)
1047 http cache browserslist@https://registry.npmjs.org/browserslist/-/browserslist-4.28.2.tgz 0ms (cache hit)
1048 http cache @types/cookie@https://registry.npmjs.org/@types/cookie/-/cookie-0.6.0.tgz 0ms (cache hit)
1049 http cache cookie@https://registry.npmjs.org/cookie/-/cookie-0.7.2.tgz 0ms (cache hit)
1050 http cache typescript@https://registry.npmjs.org/typescript/-/typescript-5.9.3.tgz 0ms (cache hit)
1051 http cache tailwindcss@https://registry.npmjs.org/tailwindcss/-/tailwindcss-3.4.19.tgz 0ms (cache hit)
1052 http cache prisma@https://registry.npmjs.org/prisma/-/prisma-5.22.0.tgz 0ms (cache hit)
1053 http cache react-dom@https://registry.npmjs.org/react-dom/-/react-dom-18.3.1.tgz 0ms (cache hit)
1054 http cache react@https://registry.npmjs.org/react/-/react-18.3.1.tgz 0ms (cache hit)
1055 http cache next@https://registry.npmjs.org/next/-/next-14.2.35.tgz 0ms (cache hit)
1056 http cache postcss@https://registry.npmjs.org/postcss/-/postcss-8.5.12.tgz 0ms (cache hit)
1057 http cache concurrently@https://registry.npmjs.org/concurrently/-/concurrently-9.2.1.tgz 0ms (cache hit)
1058 http cache @types/react@https://registry.npmjs.org/@types/react/-/react-18.3.28.tgz 0ms (cache hit)
1059 http cache @types/node@https://registry.npmjs.org/@types/node/-/node-20.19.39.tgz 0ms (cache hit)
1060 http cache autoprefixer@https://registry.npmjs.org/autoprefixer/-/autoprefixer-10.5.0.tgz 0ms (cache hit)
1061 http cache @supabase/supabase-js@https://registry.npmjs.org/@supabase/supabase-js/-/supabase-js-2.105.1.tgz 0ms (cache hit)
1062 http cache @supabase/ssr@https://registry.npmjs.org/@supabase/ssr/-/ssr-0.5.2.tgz 0ms (cache hit)
1063 http cache @prisma/client@https://registry.npmjs.org/@prisma/client/-/client-5.22.0.tgz 0ms (cache hit)
1064 http cache fdir@https://registry.npmjs.org/fdir/-/fdir-6.5.0.tgz 0ms (cache hit)
1065 http cache glob-parent@https://registry.npmjs.org/glob-parent/-/glob-parent-5.1.2.tgz 0ms (cache hit)
1066 http cache picomatch@https://registry.npmjs.org/picomatch/-/picomatch-4.0.4.tgz 0ms (cache hit)
1067 http cache @types/react-dom@https://registry.npmjs.org/@types/react-dom/-/react-dom-18.3.7.tgz 0ms (cache hit)
1068 http cache postcss@https://registry.npmjs.org/postcss/-/postcss-8.4.31.tgz 0ms (cache hit)
1069 http cache supports-color@https://registry.npmjs.org/supports-color/-/supports-color-7.2.0.tgz 0ms (cache hit)
1070 http cache glob-parent@https://registry.npmjs.org/glob-parent/-/glob-parent-5.1.2.tgz 0ms (cache hit)
1071 silly tarball no local data for is-fullwidth-code-point@https://registry.npmjs.org/is-fullwidth-code-point/-/is-fullwidth-code-point-3.0.0.tgz. Extracting by manifest.
1072 silly tarball no local data for ansi-regex@https://registry.npmjs.org/ansi-regex/-/ansi-regex-5.0.1.tgz. Extracting by manifest.
1073 silly tarball no local data for string-width@https://registry.npmjs.org/string-width/-/string-width-4.2.3.tgz. Extracting by manifest.
1074 silly tarball no local data for y18n@https://registry.npmjs.org/y18n/-/y18n-5.0.8.tgz. Extracting by manifest.
1075 silly tarball no local data for strip-ansi@https://registry.npmjs.org/strip-ansi/-/strip-ansi-6.0.1.tgz. Extracting by manifest.
1076 silly tarball no local data for emoji-regex@https://registry.npmjs.org/emoji-regex/-/emoji-regex-8.0.0.tgz. Extracting by manifest.
1077 silly tarball no local data for require-directory@https://registry.npmjs.org/require-directory/-/require-directory-2.1.1.tgz. Extracting by manifest.
1078 silly tarball no local data for cliui@https://registry.npmjs.org/cliui/-/cliui-8.0.1.tgz. Extracting by manifest.
1079 silly tarball no local data for yargs-parser@https://registry.npmjs.org/yargs-parser/-/yargs-parser-21.1.1.tgz. Extracting by manifest.
1080 silly tarball no local data for get-caller-file@https://registry.npmjs.org/get-caller-file/-/get-caller-file-2.0.5.tgz. Extracting by manifest.
1081 silly tarball no local data for escalade@https://registry.npmjs.org/escalade/-/escalade-3.2.0.tgz. Extracting by manifest.
1082 silly tarball no local data for thenify@https://registry.npmjs.org/thenify/-/thenify-3.3.1.tgz. Extracting by manifest.
1083 silly tarball no local data for is-number@https://registry.npmjs.org/is-number/-/is-number-7.0.0.tgz. Extracting by manifest.
1084 silly tarball no local data for thenify-all@https://registry.npmjs.org/thenify-all/-/thenify-all-1.6.0.tgz. Extracting by manifest.
1085 silly tarball no local data for wrap-ansi@https://registry.npmjs.org/wrap-ansi/-/wrap-ansi-7.0.0.tgz. Extracting by manifest.
1086 silly tarball no local data for @jridgewell/resolve-uri@https://registry.npmjs.org/@jridgewell/resolve-uri/-/resolve-uri-3.1.2.tgz. Extracting by manifest.
1087 silly tarball no local data for object-assign@https://registry.npmjs.org/object-assign/-/object-assign-4.1.1.tgz. Extracting by manifest.
1088 silly tarball no local data for ts-interface-checker@https://registry.npmjs.org/ts-interface-checker/-/ts-interface-checker-0.1.13.tgz. Extracting by manifest.
1089 silly tarball no local data for @jridgewell/sourcemap-codec@https://registry.npmjs.org/@jridgewell/sourcemap-codec/-/sourcemap-codec-1.5.5.tgz. Extracting by manifest.
1090 silly tarball no local data for any-promise@https://registry.npmjs.org/any-promise/-/any-promise-1.3.0.tgz. Extracting by manifest.
1091 silly tarball no local data for tinyglobby@https://registry.npmjs.org/tinyglobby/-/tinyglobby-0.2.16.tgz. Extracting by manifest.
1092 silly tarball no local data for lines-and-columns@https://registry.npmjs.org/lines-and-columns/-/lines-and-columns-1.2.4.tgz. Extracting by manifest.
1093 silly tarball no local data for pirates@https://registry.npmjs.org/pirates/-/pirates-4.0.7.tgz. Extracting by manifest.
1094 silly tarball no local data for mz@https://registry.npmjs.org/mz/-/mz-2.7.0.tgz. Extracting by manifest.
1095 silly tarball no local data for commander@https://registry.npmjs.org/commander/-/commander-4.1.1.tgz. Extracting by manifest.
1096 silly tarball no local data for @jridgewell/gen-mapping@https://registry.npmjs.org/@jridgewell/gen-mapping/-/gen-mapping-0.3.13.tgz. Extracting by manifest.
1097 silly tarball no local data for queue-microtask@https://registry.npmjs.org/queue-microtask/-/queue-microtask-1.2.3.tgz. Extracting by manifest.
1098 silly tarball no local data for path-parse@https://registry.npmjs.org/path-parse/-/path-parse-1.0.7.tgz. Extracting by manifest.
1099 silly tarball no local data for supports-preserve-symlinks-flag@https://registry.npmjs.org/supports-preserve-symlinks-flag/-/supports-preserve-symlinks-flag-1.0.0.tgz. Extracting by manifest.
1100 silly tarball no local data for function-bind@https://registry.npmjs.org/function-bind/-/function-bind-1.1.2.tgz. Extracting by manifest.
1101 silly tarball no local data for hasown@https://registry.npmjs.org/hasown/-/hasown-2.0.3.tgz. Extracting by manifest.
1102 silly tarball no local data for is-core-module@https://registry.npmjs.org/is-core-module/-/is-core-module-2.16.1.tgz. Extracting by manifest.
1103 silly tarball no local data for es-errors@https://registry.npmjs.org/es-errors/-/es-errors-1.3.0.tgz. Extracting by manifest.
1104 silly tarball no local data for pify@https://registry.npmjs.org/pify/-/pify-2.3.0.tgz. Extracting by manifest.
1105 silly tarball no local data for @jridgewell/trace-mapping@https://registry.npmjs.org/@jridgewell/trace-mapping/-/trace-mapping-0.3.31.tgz. Extracting by manifest.
1106 silly tarball no local data for util-deprecate@https://registry.npmjs.org/util-deprecate/-/util-deprecate-1.0.2.tgz. Extracting by manifest.
1107 silly tarball no local data for cssesc@https://registry.npmjs.org/cssesc/-/cssesc-3.0.0.tgz. Extracting by manifest.
1108 silly tarball no local data for camelcase-css@https://registry.npmjs.org/camelcase-css/-/camelcase-css-2.0.1.tgz. Extracting by manifest.
1109 silly tarball no local data for binary-extensions@https://registry.npmjs.org/binary-extensions/-/binary-extensions-2.3.0.tgz. Extracting by manifest.
1110 silly tarball no local data for to-regex-range@https://registry.npmjs.org/to-regex-range/-/to-regex-range-5.0.1.tgz. Extracting by manifest.
1111 silly tarball no local data for is-extglob@https://registry.npmjs.org/is-extglob/-/is-extglob-2.1.1.tgz. Extracting by manifest.
1112 silly tarball no local data for read-cache@https://registry.npmjs.org/read-cache/-/read-cache-1.0.0.tgz. Extracting by manifest.
1113 silly tarball no local data for run-parallel@https://registry.npmjs.org/run-parallel/-/run-parallel-1.2.0.tgz. Extracting by manifest.
1114 silly tarball no local data for reusify@https://registry.npmjs.org/reusify/-/reusify-1.1.0.tgz. Extracting by manifest.
1115 silly tarball no local data for @nodelib/fs.scandir@https://registry.npmjs.org/@nodelib/fs.scandir/-/fs.scandir-2.1.5.tgz. Extracting by manifest.
1116 silly tarball no local data for merge2@https://registry.npmjs.org/merge2/-/merge2-1.4.1.tgz. Extracting by manifest.
1117 silly tarball no local data for fill-range@https://registry.npmjs.org/fill-range/-/fill-range-7.1.1.tgz. Extracting by manifest.
1118 silly tarball no local data for @nodelib/fs.stat@https://registry.npmjs.org/@nodelib/fs.stat/-/fs.stat-2.0.5.tgz. Extracting by manifest.
1119 silly tarball no local data for picomatch@https://registry.npmjs.org/picomatch/-/picomatch-2.3.2.tgz. Extracting by manifest.
1120 silly tarball no local data for readdirp@https://registry.npmjs.org/readdirp/-/readdirp-3.6.0.tgz. Extracting by manifest.
1121 silly tarball no local data for braces@https://registry.npmjs.org/braces/-/braces-3.0.3.tgz. Extracting by manifest.
1122 silly tarball no local data for is-binary-path@https://registry.npmjs.org/is-binary-path/-/is-binary-path-2.1.0.tgz. Extracting by manifest.
1123 silly tarball no local data for fastq@https://registry.npmjs.org/fastq/-/fastq-1.20.1.tgz. Extracting by manifest.
1124 silly tarball no local data for @nodelib/fs.walk@https://registry.npmjs.org/@nodelib/fs.walk/-/fs.walk-1.2.8.tgz. Extracting by manifest.
1125 silly tarball no local data for sucrase@https://registry.npmjs.org/sucrase/-/sucrase-3.35.1.tgz. Extracting by manifest.
1126 silly tarball no local data for postcss-selector-parser@https://registry.npmjs.org/postcss-selector-parser/-/postcss-selector-parser-6.1.2.tgz. Extracting by manifest.
1127 silly tarball no local data for postcss-js@https://registry.npmjs.org/postcss-js/-/postcss-js-4.1.0.tgz. Extracting by manifest.
1128 silly tarball no local data for postcss-nested@https://registry.npmjs.org/postcss-nested/-/postcss-nested-6.2.0.tgz. Extracting by manifest.
1129 silly tarball no local data for anymatch@https://registry.npmjs.org/anymatch/-/anymatch-3.1.3.tgz. Extracting by manifest.
1130 silly tarball no local data for postcss-load-config@https://registry.npmjs.org/postcss-load-config/-/postcss-load-config-6.0.1.tgz. Extracting by manifest.
1131 silly tarball no local data for object-hash@https://registry.npmjs.org/object-hash/-/object-hash-3.0.0.tgz. Extracting by manifest.
1132 silly tarball no local data for lilconfig@https://registry.npmjs.org/lilconfig/-/lilconfig-3.1.3.tgz. Extracting by manifest.
1133 silly tarball no local data for normalize-path@https://registry.npmjs.org/normalize-path/-/normalize-path-3.0.0.tgz. Extracting by manifest.
1134 silly tarball no local data for resolve@https://registry.npmjs.org/resolve/-/resolve-1.22.12.tgz. Extracting by manifest.
1135 silly tarball no local data for postcss-import@https://registry.npmjs.org/postcss-import/-/postcss-import-15.1.0.tgz. Extracting by manifest.
1136 silly tarball no local data for micromatch@https://registry.npmjs.org/micromatch/-/micromatch-4.0.8.tgz. Extracting by manifest.
1137 silly tarball no local data for is-glob@https://registry.npmjs.org/is-glob/-/is-glob-4.0.3.tgz. Extracting by manifest.
1138 silly tarball no local data for jiti@https://registry.npmjs.org/jiti/-/jiti-1.21.7.tgz. Extracting by manifest.
1139 silly tarball no local data for dlv@https://registry.npmjs.org/dlv/-/dlv-1.1.3.tgz. Extracting by manifest.
1140 silly tarball no local data for fast-glob@https://registry.npmjs.org/fast-glob/-/fast-glob-3.3.3.tgz. Extracting by manifest.
1141 silly tarball no local data for didyoumean@https://registry.npmjs.org/didyoumean/-/didyoumean-1.2.2.tgz. Extracting by manifest.
1142 silly tarball no local data for chokidar@https://registry.npmjs.org/chokidar/-/chokidar-3.6.0.tgz. Extracting by manifest.
1143 silly tarball no local data for arg@https://registry.npmjs.org/arg/-/arg-5.0.2.tgz. Extracting by manifest.
1144 silly tarball no local data for glob-parent@https://registry.npmjs.org/glob-parent/-/glob-parent-6.0.2.tgz. Extracting by manifest.
1145 silly tarball no local data for @alloc/quick-lru@https://registry.npmjs.org/@alloc/quick-lru/-/quick-lru-5.2.0.tgz. Extracting by manifest.
1146 silly tarball no local data for has-flag@https://registry.npmjs.org/has-flag/-/has-flag-4.0.0.tgz. Extracting by manifest.
1147 silly tarball no local data for client-only@https://registry.npmjs.org/client-only/-/client-only-0.0.1.tgz. Extracting by manifest.
1148 silly tarball no local data for loose-envify@https://registry.npmjs.org/loose-envify/-/loose-envify-1.4.0.tgz. Extracting by manifest.
1149 silly tarball no local data for @prisma/fetch-engine@https://registry.npmjs.org/@prisma/fetch-engine/-/fetch-engine-5.22.0.tgz. Extracting by manifest.
1150 silly tarball no local data for @prisma/get-platform@https://registry.npmjs.org/@prisma/get-platform/-/get-platform-5.22.0.tgz. Extracting by manifest.
1151 silly tarball no local data for js-tokens@https://registry.npmjs.org/js-tokens/-/js-tokens-4.0.0.tgz. Extracting by manifest.
1152 silly tarball no local data for scheduler@https://registry.npmjs.org/scheduler/-/scheduler-0.23.2.tgz. Extracting by manifest.
1153 silly tarball no local data for @prisma/engines-version@https://registry.npmjs.org/@prisma/engines-version/-/engines-version-5.22.0-44.605197351a3c8bdd595af2d2a9bc3025bca48ea2.tgz. Extracting by manifest.
1154 silly tarball no local data for @prisma/debug@https://registry.npmjs.org/@prisma/debug/-/debug-5.22.0.tgz. Extracting by manifest.
1155 silly tarball no local data for nanoid@https://registry.npmjs.org/nanoid/-/nanoid-3.3.11.tgz. Extracting by manifest.
1156 silly tarball no local data for source-map-js@https://registry.npmjs.org/source-map-js/-/source-map-js-1.2.1.tgz. Extracting by manifest.
1157 silly tarball no local data for streamsearch@https://registry.npmjs.org/streamsearch/-/streamsearch-1.1.0.tgz. Extracting by manifest.
1158 silly tarball no local data for fsevents@https://registry.npmjs.org/fsevents/-/fsevents-2.3.3.tgz. Extracting by manifest.
1159 silly tarball no local data for @prisma/engines@https://registry.npmjs.org/@prisma/engines/-/engines-5.22.0.tgz. Extracting by manifest.
1160 silly tarball no local data for styled-jsx@https://registry.npmjs.org/styled-jsx/-/styled-jsx-5.1.1.tgz. Extracting by manifest.
1161 silly tarball no local data for graceful-fs@https://registry.npmjs.org/graceful-fs/-/graceful-fs-4.2.11.tgz. Extracting by manifest.
1162 silly tarball no local data for busboy@https://registry.npmjs.org/busboy/-/busboy-1.6.0.tgz. Extracting by manifest.
1163 silly tarball no local data for @next/swc-darwin-arm64@https://registry.npmjs.org/@next/swc-darwin-arm64/-/swc-darwin-arm64-14.2.33.tgz. Extracting by manifest.
1164 silly tarball no local data for @swc/helpers@https://registry.npmjs.org/@swc/helpers/-/helpers-0.5.5.tgz. Extracting by manifest.
1165 silly tarball no local data for @swc/counter@https://registry.npmjs.org/@swc/counter/-/counter-0.1.3.tgz. Extracting by manifest.
1166 silly tarball no local data for ansi-styles@https://registry.npmjs.org/ansi-styles/-/ansi-styles-4.3.0.tgz. Extracting by manifest.
1167 silly tarball no local data for @next/env@https://registry.npmjs.org/@next/env/-/env-14.2.35.tgz. Extracting by manifest.
1168 silly tarball no local data for tree-kill@https://registry.npmjs.org/tree-kill/-/tree-kill-1.2.2.tgz. Extracting by manifest.
1169 silly tarball no local data for supports-color@https://registry.npmjs.org/supports-color/-/supports-color-8.1.1.tgz. Extracting by manifest.
1170 silly tarball no local data for yargs@https://registry.npmjs.org/yargs/-/yargs-17.7.2.tgz. Extracting by manifest.
1171 silly tarball no local data for color-convert@https://registry.npmjs.org/color-convert/-/color-convert-2.0.1.tgz. Extracting by manifest.
1172 silly tarball no local data for color-name@https://registry.npmjs.org/color-name/-/color-name-1.1.4.tgz. Extracting by manifest.
1173 silly tarball no local data for rxjs@https://registry.npmjs.org/rxjs/-/rxjs-7.8.2.tgz. Extracting by manifest.
1174 silly tarball no local data for electron-to-chromium@https://registry.npmjs.org/electron-to-chromium/-/electron-to-chromium-1.5.345.tgz. Extracting by manifest.
1175 silly tarball no local data for shell-quote@https://registry.npmjs.org/shell-quote/-/shell-quote-1.8.3.tgz. Extracting by manifest.
1176 silly tarball no local data for baseline-browser-mapping@https://registry.npmjs.org/baseline-browser-mapping/-/baseline-browser-mapping-2.10.24.tgz. Extracting by manifest.
1177 silly tarball no local data for chalk@https://registry.npmjs.org/chalk/-/chalk-4.1.2.tgz. Extracting by manifest.
1178 silly tarball no local data for update-browserslist-db@https://registry.npmjs.org/update-browserslist-db/-/update-browserslist-db-1.2.3.tgz. Extracting by manifest.
1179 silly tarball no local data for picocolors@https://registry.npmjs.org/picocolors/-/picocolors-1.1.1.tgz. Extracting by manifest.
1180 silly tarball no local data for node-releases@https://registry.npmjs.org/node-releases/-/node-releases-2.0.38.tgz. Extracting by manifest.
1181 silly tarball no local data for postcss-value-parser@https://registry.npmjs.org/postcss-value-parser/-/postcss-value-parser-4.2.0.tgz. Extracting by manifest.
1182 silly tarball no local data for caniuse-lite@https://registry.npmjs.org/caniuse-lite/-/caniuse-lite-1.0.30001791.tgz. Extracting by manifest.
1183 silly tarball no local data for fraction.js@https://registry.npmjs.org/fraction.js/-/fraction.js-5.3.4.tgz. Extracting by manifest.
1184 silly tarball no local data for undici-types@https://registry.npmjs.org/undici-types/-/undici-types-6.21.0.tgz. Extracting by manifest.
1185 silly tarball no local data for ws@https://registry.npmjs.org/ws/-/ws-8.20.0.tgz. Extracting by manifest.
1186 silly tarball no local data for csstype@https://registry.npmjs.org/csstype/-/csstype-3.2.3.tgz. Extracting by manifest.
1187 silly tarball no local data for @types/prop-types@https://registry.npmjs.org/@types/prop-types/-/prop-types-15.7.15.tgz. Extracting by manifest.
1188 silly tarball no local data for iceberg-js@https://registry.npmjs.org/iceberg-js/-/iceberg-js-0.8.1.tgz. Extracting by manifest.
1189 silly tarball no local data for @types/ws@https://registry.npmjs.org/@types/ws/-/ws-8.18.1.tgz. Extracting by manifest.
1190 silly tarball no local data for @supabase/phoenix@https://registry.npmjs.org/@supabase/phoenix/-/phoenix-0.4.1.tgz. Extracting by manifest.
1191 silly tarball no local data for @supabase/storage-js@https://registry.npmjs.org/@supabase/storage-js/-/storage-js-2.105.1.tgz. Extracting by manifest.
1192 silly tarball no local data for tslib@https://registry.npmjs.org/tslib/-/tslib-2.8.1.tgz. Extracting by manifest.
1193 silly tarball no local data for @supabase/postgrest-js@https://registry.npmjs.org/@supabase/postgrest-js/-/postgrest-js-2.105.1.tgz. Extracting by manifest.
1194 silly tarball no local data for @supabase/functions-js@https://registry.npmjs.org/@supabase/functions-js/-/functions-js-2.105.1.tgz. Extracting by manifest.
1195 silly tarball no local data for @supabase/realtime-js@https://registry.npmjs.org/@supabase/realtime-js/-/realtime-js-2.105.1.tgz. Extracting by manifest.
1196 silly tarball no local data for @supabase/auth-js@https://registry.npmjs.org/@supabase/auth-js/-/auth-js-2.105.1.tgz. Extracting by manifest.
1197 silly tarball no local data for browserslist@https://registry.npmjs.org/browserslist/-/browserslist-4.28.2.tgz. Extracting by manifest.
1198 silly tarball no local data for @types/cookie@https://registry.npmjs.org/@types/cookie/-/cookie-0.6.0.tgz. Extracting by manifest.
1199 silly tarball no local data for cookie@https://registry.npmjs.org/cookie/-/cookie-0.7.2.tgz. Extracting by manifest.
1200 silly tarball no local data for typescript@https://registry.npmjs.org/typescript/-/typescript-5.9.3.tgz. Extracting by manifest.
1201 silly tarball no local data for tailwindcss@https://registry.npmjs.org/tailwindcss/-/tailwindcss-3.4.19.tgz. Extracting by manifest.
1202 silly tarball no local data for prisma@https://registry.npmjs.org/prisma/-/prisma-5.22.0.tgz. Extracting by manifest.
1203 silly tarball no local data for react-dom@https://registry.npmjs.org/react-dom/-/react-dom-18.3.1.tgz. Extracting by manifest.
1204 silly tarball no local data for react@https://registry.npmjs.org/react/-/react-18.3.1.tgz. Extracting by manifest.
1205 silly tarball no local data for next@https://registry.npmjs.org/next/-/next-14.2.35.tgz. Extracting by manifest.
1206 silly tarball no local data for postcss@https://registry.npmjs.org/postcss/-/postcss-8.5.12.tgz. Extracting by manifest.
1207 silly tarball no local data for concurrently@https://registry.npmjs.org/concurrently/-/concurrently-9.2.1.tgz. Extracting by manifest.
1208 silly tarball no local data for @types/react@https://registry.npmjs.org/@types/react/-/react-18.3.28.tgz. Extracting by manifest.
1209 silly tarball no local data for @types/node@https://registry.npmjs.org/@types/node/-/node-20.19.39.tgz. Extracting by manifest.
1210 silly tarball no local data for autoprefixer@https://registry.npmjs.org/autoprefixer/-/autoprefixer-10.5.0.tgz. Extracting by manifest.
1211 silly tarball no local data for @supabase/supabase-js@https://registry.npmjs.org/@supabase/supabase-js/-/supabase-js-2.105.1.tgz. Extracting by manifest.
1212 silly tarball no local data for @supabase/ssr@https://registry.npmjs.org/@supabase/ssr/-/ssr-0.5.2.tgz. Extracting by manifest.
1213 silly tarball no local data for @prisma/client@https://registry.npmjs.org/@prisma/client/-/client-5.22.0.tgz. Extracting by manifest.
1214 silly tarball no local data for fdir@https://registry.npmjs.org/fdir/-/fdir-6.5.0.tgz. Extracting by manifest.
1215 silly tarball no local data for glob-parent@https://registry.npmjs.org/glob-parent/-/glob-parent-5.1.2.tgz. Extracting by manifest.
1216 silly tarball no local data for picomatch@https://registry.npmjs.org/picomatch/-/picomatch-4.0.4.tgz. Extracting by manifest.
1217 silly tarball no local data for @types/react-dom@https://registry.npmjs.org/@types/react-dom/-/react-dom-18.3.7.tgz. Extracting by manifest.
1218 silly tarball no local data for postcss@https://registry.npmjs.org/postcss/-/postcss-8.4.31.tgz. Extracting by manifest.
1219 silly tarball no local data for supports-color@https://registry.npmjs.org/supports-color/-/supports-color-7.2.0.tgz. Extracting by manifest.
1220 silly tarball no local data for glob-parent@https://registry.npmjs.org/glob-parent/-/glob-parent-5.1.2.tgz. Extracting by manifest.
1221 http fetch GET 200 https://registry.npmjs.org/require-directory/-/require-directory-2.1.1.tgz 70ms (cache miss)
1222 http fetch GET 200 https://registry.npmjs.org/strip-ansi/-/strip-ansi-6.0.1.tgz 71ms (cache miss)
1223 http fetch GET 200 https://registry.npmjs.org/is-fullwidth-code-point/-/is-fullwidth-code-point-3.0.0.tgz 72ms (cache miss)
1224 http fetch GET 200 https://registry.npmjs.org/string-width/-/string-width-4.2.3.tgz 72ms (cache miss)
1225 http fetch GET 200 https://registry.npmjs.org/emoji-regex/-/emoji-regex-8.0.0.tgz 71ms (cache miss)
1226 http fetch GET 200 https://registry.npmjs.org/y18n/-/y18n-5.0.8.tgz 71ms (cache miss)
1227 http fetch GET 200 https://registry.npmjs.org/cliui/-/cliui-8.0.1.tgz 71ms (cache miss)
1228 http fetch GET 200 https://registry.npmjs.org/ansi-regex/-/ansi-regex-5.0.1.tgz 72ms (cache miss)
1229 http fetch GET 200 https://registry.npmjs.org/object-assign/-/object-assign-4.1.1.tgz 169ms (cache miss)
1230 http fetch GET 200 https://registry.npmjs.org/lines-and-columns/-/lines-and-columns-1.2.4.tgz 170ms (cache miss)
1231 http fetch GET 200 https://registry.npmjs.org/ts-interface-checker/-/ts-interface-checker-0.1.13.tgz 170ms (cache miss)
1232 http fetch GET 200 https://registry.npmjs.org/any-promise/-/any-promise-1.3.0.tgz 170ms (cache miss)
1233 http fetch GET 200 https://registry.npmjs.org/wrap-ansi/-/wrap-ansi-7.0.0.tgz 170ms (cache miss)
1234 http fetch GET 200 https://registry.npmjs.org/tinyglobby/-/tinyglobby-0.2.16.tgz 170ms (cache miss)
1235 http fetch GET 200 https://registry.npmjs.org/@jridgewell/resolve-uri/-/resolve-uri-3.1.2.tgz 170ms (cache miss)
1236 http fetch GET 200 https://registry.npmjs.org/@jridgewell/sourcemap-codec/-/sourcemap-codec-1.5.5.tgz 173ms (cache miss)
1237 http fetch GET 200 https://registry.npmjs.org/pirates/-/pirates-4.0.7.tgz 199ms (cache miss)
1238 http fetch GET 200 https://registry.npmjs.org/get-caller-file/-/get-caller-file-2.0.5.tgz 201ms (cache miss)
1239 http fetch GET 200 https://registry.npmjs.org/mz/-/mz-2.7.0.tgz 199ms (cache miss)
1240 http fetch GET 200 https://registry.npmjs.org/commander/-/commander-4.1.1.tgz 199ms (cache miss)
1241 http fetch GET 200 https://registry.npmjs.org/function-bind/-/function-bind-1.1.2.tgz 201ms (cache miss)
1242 http fetch GET 200 https://registry.npmjs.org/supports-preserve-symlinks-flag/-/supports-preserve-symlinks-flag-1.0.0.tgz 202ms (cache miss)
1243 http fetch GET 200 https://registry.npmjs.org/thenify-all/-/thenify-all-1.6.0.tgz 205ms (cache miss)
1244 http fetch GET 200 https://registry.npmjs.org/queue-microtask/-/queue-microtask-1.2.3.tgz 204ms (cache miss)
1245 http fetch GET 200 https://registry.npmjs.org/is-number/-/is-number-7.0.0.tgz 207ms (cache miss)
1246 http fetch GET 200 https://registry.npmjs.org/escalade/-/escalade-3.2.0.tgz 207ms (cache miss)
1247 http fetch GET 200 https://registry.npmjs.org/yargs-parser/-/yargs-parser-21.1.1.tgz 208ms (cache miss)
1248 http fetch GET 200 https://registry.npmjs.org/es-errors/-/es-errors-1.3.0.tgz 279ms (cache miss)
1249 http fetch GET 200 https://registry.npmjs.org/path-parse/-/path-parse-1.0.7.tgz 280ms (cache miss)
1250 http fetch GET 200 https://registry.npmjs.org/is-core-module/-/is-core-module-2.16.1.tgz 280ms (cache miss)
1251 http fetch GET 200 https://registry.npmjs.org/util-deprecate/-/util-deprecate-1.0.2.tgz 279ms (cache miss)
1252 http fetch GET 200 https://registry.npmjs.org/pify/-/pify-2.3.0.tgz 280ms (cache miss)
1253 http fetch GET 200 https://registry.npmjs.org/cssesc/-/cssesc-3.0.0.tgz 279ms (cache miss)
1254 http fetch GET 200 https://registry.npmjs.org/hasown/-/hasown-2.0.3.tgz 280ms (cache miss)
1255 http fetch GET 200 https://registry.npmjs.org/thenify/-/thenify-3.3.1.tgz 283ms (cache miss)
1256 http fetch GET 200 https://registry.npmjs.org/binary-extensions/-/binary-extensions-2.3.0.tgz 280ms (cache miss)
1257 http fetch GET 200 https://registry.npmjs.org/camelcase-css/-/camelcase-css-2.0.1.tgz 280ms (cache miss)
1258 http fetch GET 200 https://registry.npmjs.org/is-extglob/-/is-extglob-2.1.1.tgz 280ms (cache miss)
1259 http fetch GET 200 https://registry.npmjs.org/to-regex-range/-/to-regex-range-5.0.1.tgz 280ms (cache miss)
1260 http fetch GET 200 https://registry.npmjs.org/@jridgewell/gen-mapping/-/gen-mapping-0.3.13.tgz 284ms (cache miss)
1261 http fetch GET 200 https://registry.npmjs.org/@jridgewell/trace-mapping/-/trace-mapping-0.3.31.tgz 285ms (cache miss)
1262 http fetch POST 200 https://registry.npmjs.org/-/npm/v1/security/advisories/bulk 310ms
1263 silly audit report {
1263 silly audit report   postcss: [
1263 silly audit report     {
1263 silly audit report       id: 1117015,
1263 silly audit report       url: 'https://github.com/advisories/GHSA-qx2v-qp2m-jg93',
1263 silly audit report       title: 'PostCSS has XSS via Unescaped </style> in its CSS Stringify Output',
1263 silly audit report       severity: 'moderate',
1263 silly audit report       vulnerable_versions: '<8.5.10',
1263 silly audit report       cwe: [Array],
1263 silly audit report       cvss: [Object]
1263 silly audit report     }
1263 silly audit report   ],
1263 silly audit report   next: [
1263 silly audit report     {
1263 silly audit report       id: 1112593,
1263 silly audit report       url: 'https://github.com/advisories/GHSA-9g9p-9gw9-jx7f',
1263 silly audit report       title: 'Next.js self-hosted applications vulnerable to DoS via Image Optimizer remotePatterns configuration',
1263 silly audit report       severity: 'moderate',
1263 silly audit report       vulnerable_versions: '>=10.0.0 <15.5.10',
1263 silly audit report       cwe: [Array],
1263 silly audit report       cvss: [Object]
1263 silly audit report     },
1263 silly audit report     {
1263 silly audit report       id: 1112653,
1263 silly audit report       url: 'https://github.com/advisories/GHSA-h25m-26qc-wcjf',
1263 silly audit report       title: 'Next.js HTTP request deserialization can lead to DoS when using insecure React Server Components',
1263 silly audit report       severity: 'high',
1263 silly audit report       vulnerable_versions: '>=13.0.0 <15.0.8',
1263 silly audit report       cwe: [Array],
1263 silly audit report       cvss: [Object]
1263 silly audit report     },
1263 silly audit report     {
1263 silly audit report       id: 1114897,
1263 silly audit report       url: 'https://github.com/advisories/GHSA-ggv3-7p47-pfv8',
1263 silly audit report       title: 'Next.js: HTTP request smuggling in rewrites',
1263 silly audit report       severity: 'moderate',
1263 silly audit report       vulnerable_versions: '>=9.5.0 <15.5.13',
1263 silly audit report       cwe: [Array],
1263 silly audit report       cvss: [Object]
1263 silly audit report     },
1263 silly audit report     {
1263 silly audit report       id: 1114940,
1263 silly audit report       url: 'https://github.com/advisories/GHSA-3x4c-7xq6-9pq8',
1263 silly audit report       title: 'Next.js: Unbounded next/image disk cache growth can exhaust storage',
1263 silly audit report       severity: 'moderate',
1263 silly audit report       vulnerable_versions: '>=10.0.0 <15.5.14',
1263 silly audit report       cwe: [Array],
1263 silly audit report       cvss: [Object]
1263 silly audit report     },
1263 silly audit report     {
1263 silly audit report       id: 1116376,
1263 silly audit report       url: 'https://github.com/advisories/GHSA-q4gf-8mx6-v5v3',
1263 silly audit report       title: 'Next.js has a Denial of Service with Server Components',
1263 silly audit report       severity: 'high',
1263 silly audit report       vulnerable_versions: '>=13.0.0 <15.5.15',
1263 silly audit report       cwe: [Array],
1263 silly audit report       cvss: [Object]
1263 silly audit report     }
1263 silly audit report   ]
1263 silly audit report }
1264 silly packumentCache corgi:https://registry.npmjs.org/postcss cache-miss
1265 silly packumentCache corgi:https://registry.npmjs.org/next cache-miss
1266 http fetch GET 200 https://registry.npmjs.org/fill-range/-/fill-range-7.1.1.tgz 343ms (cache miss)
1267 http fetch GET 200 https://registry.npmjs.org/merge2/-/merge2-1.4.1.tgz 345ms (cache miss)
1268 http fetch GET 200 https://registry.npmjs.org/read-cache/-/read-cache-1.0.0.tgz 346ms (cache miss)
1269 http fetch GET 200 https://registry.npmjs.org/is-binary-path/-/is-binary-path-2.1.0.tgz 345ms (cache miss)
1270 http fetch GET 200 https://registry.npmjs.org/@nodelib/fs.stat/-/fs.stat-2.0.5.tgz 345ms (cache miss)
1271 http fetch GET 200 https://registry.npmjs.org/fastq/-/fastq-1.20.1.tgz 345ms (cache miss)
1272 http fetch GET 200 https://registry.npmjs.org/@nodelib/fs.scandir/-/fs.scandir-2.1.5.tgz 347ms (cache miss)
1273 http fetch GET 200 https://registry.npmjs.org/@nodelib/fs.walk/-/fs.walk-1.2.8.tgz 346ms (cache miss)
1274 http fetch GET 200 https://registry.npmjs.org/readdirp/-/readdirp-3.6.0.tgz 346ms (cache miss)
1275 http fetch GET 200 https://registry.npmjs.org/reusify/-/reusify-1.1.0.tgz 349ms (cache miss)
1276 http fetch GET 200 https://registry.npmjs.org/run-parallel/-/run-parallel-1.2.0.tgz 351ms (cache miss)
1277 http fetch GET 200 https://registry.npmjs.org/braces/-/braces-3.0.3.tgz 350ms (cache miss)
1278 http fetch GET 200 https://registry.npmjs.org/picomatch/-/picomatch-2.3.2.tgz 351ms (cache miss)
1279 http fetch GET 200 https://registry.npmjs.org/postcss-selector-parser/-/postcss-selector-parser-6.1.2.tgz 356ms (cache miss)
1280 http fetch GET 200 https://registry.npmjs.org/anymatch/-/anymatch-3.1.3.tgz 378ms (cache miss)
1281 http fetch GET 200 https://registry.npmjs.org/postcss-nested/-/postcss-nested-6.2.0.tgz 378ms (cache miss)
1282 http fetch GET 200 https://registry.npmjs.org/normalize-path/-/normalize-path-3.0.0.tgz 378ms (cache miss)
1283 http fetch GET 200 https://registry.npmjs.org/postcss-js/-/postcss-js-4.1.0.tgz 378ms (cache miss)
1284 http fetch GET 200 https://registry.npmjs.org/lilconfig/-/lilconfig-3.1.3.tgz 378ms (cache miss)
1285 http fetch GET 200 https://registry.npmjs.org/is-glob/-/is-glob-4.0.3.tgz 378ms (cache miss)
1286 http fetch GET 200 https://registry.npmjs.org/postcss-load-config/-/postcss-load-config-6.0.1.tgz 379ms (cache miss)
1287 http fetch GET 200 https://registry.npmjs.org/dlv/-/dlv-1.1.3.tgz 383ms (cache miss)
1288 http fetch GET 200 https://registry.npmjs.org/postcss-import/-/postcss-import-15.1.0.tgz 386ms (cache miss)
1289 http fetch GET 200 https://registry.npmjs.org/micromatch/-/micromatch-4.0.8.tgz 395ms (cache miss)
1290 http fetch GET 200 https://registry.npmjs.org/object-hash/-/object-hash-3.0.0.tgz 397ms (cache miss)
1291 http fetch GET 200 https://registry.npmjs.org/chokidar/-/chokidar-3.6.0.tgz 401ms (cache miss)
1292 http fetch GET 200 https://registry.npmjs.org/didyoumean/-/didyoumean-1.2.2.tgz 406ms (cache miss)
1293 http fetch GET 200 https://registry.npmjs.org/sucrase/-/sucrase-3.35.1.tgz 409ms (cache miss)
1294 http fetch GET 200 https://registry.npmjs.org/fast-glob/-/fast-glob-3.3.3.tgz 409ms (cache miss)
1295 http fetch GET 200 https://registry.npmjs.org/has-flag/-/has-flag-4.0.0.tgz 414ms (cache miss)
1296 http fetch GET 200 https://registry.npmjs.org/glob-parent/-/glob-parent-6.0.2.tgz 414ms (cache miss)
1297 http fetch GET 200 https://registry.npmjs.org/arg/-/arg-5.0.2.tgz 414ms (cache miss)
1298 http fetch GET 200 https://registry.npmjs.org/resolve/-/resolve-1.22.12.tgz 420ms (cache miss)
1299 http fetch GET 200 https://registry.npmjs.org/@alloc/quick-lru/-/quick-lru-5.2.0.tgz 421ms (cache miss)
1300 http fetch GET 200 https://registry.npmjs.org/nanoid/-/nanoid-3.3.11.tgz 426ms (cache miss)
1301 http fetch GET 200 https://registry.npmjs.org/js-tokens/-/js-tokens-4.0.0.tgz 431ms (cache miss)
1302 http fetch GET 200 https://registry.npmjs.org/loose-envify/-/loose-envify-1.4.0.tgz 432ms (cache miss)
1303 http fetch GET 200 https://registry.npmjs.org/client-only/-/client-only-0.0.1.tgz 432ms (cache miss)
1304 http fetch GET 200 https://registry.npmjs.org/scheduler/-/scheduler-0.23.2.tgz 433ms (cache miss)
1305 http fetch GET 200 https://registry.npmjs.org/source-map-js/-/source-map-js-1.2.1.tgz 442ms (cache miss)
1306 http fetch GET 200 https://registry.npmjs.org/streamsearch/-/streamsearch-1.1.0.tgz 442ms (cache miss)
1307 http fetch GET 200 https://registry.npmjs.org/@prisma/debug/-/debug-5.22.0.tgz 452ms (cache miss)
1308 http fetch GET 200 https://registry.npmjs.org/@prisma/engines-version/-/engines-version-5.22.0-44.605197351a3c8bdd595af2d2a9bc3025bca48ea2.tgz 452ms (cache miss)
1309 http fetch GET 200 https://registry.npmjs.org/fsevents/-/fsevents-2.3.3.tgz 454ms (cache miss)
1310 http fetch GET 200 https://registry.npmjs.org/graceful-fs/-/graceful-fs-4.2.11.tgz 458ms (cache miss)
1311 http fetch GET 200 https://registry.npmjs.org/styled-jsx/-/styled-jsx-5.1.1.tgz 459ms (cache miss)
1312 http fetch GET 200 https://registry.npmjs.org/@prisma/get-platform/-/get-platform-5.22.0.tgz 461ms (cache miss)
1313 http fetch GET 200 https://registry.npmjs.org/@prisma/engines/-/engines-5.22.0.tgz 465ms (cache miss)
1314 http fetch GET 200 https://registry.npmjs.org/ansi-styles/-/ansi-styles-4.3.0.tgz 469ms (cache miss)
1315 http fetch GET 200 https://registry.npmjs.org/jiti/-/jiti-1.21.7.tgz 472ms (cache miss)
1316 http fetch GET 200 https://registry.npmjs.org/busboy/-/busboy-1.6.0.tgz 470ms (cache miss)
1317 http fetch GET 200 https://registry.npmjs.org/color-name/-/color-name-1.1.4.tgz 537ms (cache miss)
1318 http fetch GET 200 https://registry.npmjs.org/color-convert/-/color-convert-2.0.1.tgz 537ms (cache miss)
1319 http fetch GET 200 https://registry.npmjs.org/supports-color/-/supports-color-8.1.1.tgz 538ms (cache miss)
1320 http fetch GET 200 https://registry.npmjs.org/tree-kill/-/tree-kill-1.2.2.tgz 539ms (cache miss)
1321 http fetch GET 200 https://registry.npmjs.org/@swc/counter/-/counter-0.1.3.tgz 539ms (cache miss)
1322 http fetch GET 200 https://registry.npmjs.org/electron-to-chromium/-/electron-to-chromium-1.5.345.tgz 539ms (cache miss)
1323 http fetch GET 200 https://registry.npmjs.org/chalk/-/chalk-4.1.2.tgz 541ms (cache miss)
1324 http fetch GET 200 https://registry.npmjs.org/shell-quote/-/shell-quote-1.8.3.tgz 546ms (cache miss)
1325 http fetch GET 200 https://registry.npmjs.org/baseline-browser-mapping/-/baseline-browser-mapping-2.10.24.tgz 546ms (cache miss)
1326 http fetch GET 200 https://registry.npmjs.org/yargs/-/yargs-17.7.2.tgz 550ms (cache miss)
1327 http fetch GET 200 https://registry.npmjs.org/update-browserslist-db/-/update-browserslist-db-1.2.3.tgz 575ms (cache miss)
1328 http fetch GET 200 https://registry.npmjs.org/node-releases/-/node-releases-2.0.38.tgz 580ms (cache miss)
1329 http fetch GET 200 https://registry.npmjs.org/undici-types/-/undici-types-6.21.0.tgz 581ms (cache miss)
1330 http fetch GET 200 https://registry.npmjs.org/picocolors/-/picocolors-1.1.1.tgz 582ms (cache miss)
1331 http fetch GET 200 https://registry.npmjs.org/postcss-value-parser/-/postcss-value-parser-4.2.0.tgz 583ms (cache miss)
1332 http fetch GET 200 https://registry.npmjs.org/ws/-/ws-8.20.0.tgz 586ms (cache miss)
1333 http fetch GET 200 https://registry.npmjs.org/fraction.js/-/fraction.js-5.3.4.tgz 589ms (cache miss)
1334 http fetch GET 200 https://registry.npmjs.org/@types/prop-types/-/prop-types-15.7.15.tgz 592ms (cache miss)
1335 http fetch GET 200 https://registry.npmjs.org/csstype/-/csstype-3.2.3.tgz 616ms (cache miss)
1336 http fetch GET 200 https://registry.npmjs.org/iceberg-js/-/iceberg-js-0.8.1.tgz 617ms (cache miss)
1337 http fetch GET 200 https://registry.npmjs.org/@types/ws/-/ws-8.18.1.tgz 623ms (cache miss)
1338 http fetch GET 200 https://registry.npmjs.org/tslib/-/tslib-2.8.1.tgz 623ms (cache miss)
1339 http fetch GET 200 https://registry.npmjs.org/browserslist/-/browserslist-4.28.2.tgz 623ms (cache miss)
1340 http fetch GET 200 https://registry.npmjs.org/@supabase/functions-js/-/functions-js-2.105.1.tgz 682ms (cache miss)
1341 http fetch GET 200 https://registry.npmjs.org/cookie/-/cookie-0.7.2.tgz 711ms (cache miss)
1342 http fetch GET 200 https://registry.npmjs.org/@supabase/phoenix/-/phoenix-0.4.1.tgz 747ms (cache miss)
1343 http fetch GET 200 https://registry.npmjs.org/react/-/react-18.3.1.tgz 755ms (cache miss)
1344 http fetch GET 200 https://registry.npmjs.org/@supabase/postgrest-js/-/postgrest-js-2.105.1.tgz 796ms (cache miss)
1345 http fetch GET 200 https://registry.npmjs.org/@types/react/-/react-18.3.28.tgz 796ms (cache miss)
1346 http fetch GET 200 https://registry.npmjs.org/@supabase/storage-js/-/storage-js-2.105.1.tgz 798ms (cache miss)
1347 http fetch GET 200 https://registry.npmjs.org/@prisma/fetch-engine/-/fetch-engine-5.22.0.tgz 820ms (cache miss)
1348 http fetch GET 200 https://registry.npmjs.org/postcss/-/postcss-8.5.12.tgz 825ms (cache miss)
1349 http fetch GET 200 https://registry.npmjs.org/@supabase/supabase-js/-/supabase-js-2.105.1.tgz 846ms (cache miss)
1350 http fetch GET 200 https://registry.npmjs.org/fdir/-/fdir-6.5.0.tgz 846ms (cache miss)
1351 http fetch GET 200 https://registry.npmjs.org/glob-parent/-/glob-parent-5.1.2.tgz 851ms (cache miss)
1352 http fetch GET 200 https://registry.npmjs.org/autoprefixer/-/autoprefixer-10.5.0.tgz 878ms (cache miss)
1353 http fetch GET 200 https://registry.npmjs.org/@supabase/realtime-js/-/realtime-js-2.105.1.tgz 893ms (cache miss)
1354 http fetch GET 200 https://registry.npmjs.org/concurrently/-/concurrently-9.2.1.tgz 898ms (cache miss)
1355 http fetch GET 200 https://registry.npmjs.org/@types/node/-/node-20.19.39.tgz 904ms (cache miss)
1356 http fetch GET 200 https://registry.npmjs.org/picomatch/-/picomatch-4.0.4.tgz 906ms (cache miss)
1357 http fetch GET 200 https://registry.npmjs.org/@types/cookie/-/cookie-0.6.0.tgz 919ms (cache miss)
1358 http fetch GET 200 https://registry.npmjs.org/@types/react-dom/-/react-dom-18.3.7.tgz 919ms (cache miss)
1359 http fetch GET 200 https://registry.npmjs.org/@supabase/auth-js/-/auth-js-2.105.1.tgz 928ms (cache miss)
1360 http fetch GET 200 https://registry.npmjs.org/postcss/-/postcss-8.4.31.tgz 939ms (cache miss)
1361 http fetch GET 200 https://registry.npmjs.org/supports-color/-/supports-color-7.2.0.tgz 953ms (cache miss)
1362 http fetch GET 200 https://registry.npmjs.org/@swc/helpers/-/helpers-0.5.5.tgz 972ms (cache miss)
1363 http fetch GET 200 https://registry.npmjs.org/glob-parent/-/glob-parent-5.1.2.tgz 988ms (cache miss)
1364 http fetch GET 200 https://registry.npmjs.org/postcss 746ms (cache miss)
1365 silly packumentCache corgi:https://registry.npmjs.org/postcss set size:undefined disposed:false
1366 http fetch GET 200 https://registry.npmjs.org/caniuse-lite/-/caniuse-lite-1.0.30001791.tgz 1036ms (cache miss)
1367 http fetch GET 200 https://registry.npmjs.org/tailwindcss/-/tailwindcss-3.4.19.tgz 1057ms (cache miss)
1368 http fetch GET 200 https://registry.npmjs.org/@prisma/client/-/client-5.22.0.tgz 1062ms (cache miss)
1369 http fetch GET 200 https://registry.npmjs.org/@supabase/ssr/-/ssr-0.5.2.tgz 1135ms (cache miss)
1370 http fetch GET 200 https://registry.npmjs.org/@next/env/-/env-14.2.35.tgz 1196ms (cache miss)
1371 http fetch GET 200 https://registry.npmjs.org/react-dom/-/react-dom-18.3.1.tgz 1232ms (cache miss)
1372 http fetch GET 200 https://registry.npmjs.org/next 1144ms (cache miss)
1373 silly packumentCache corgi:https://registry.npmjs.org/next set size:undefined disposed:false
1374 http fetch GET 200 https://registry.npmjs.org/prisma/-/prisma-5.22.0.tgz 2193ms (cache miss)
1375 http fetch GET 200 https://registry.npmjs.org/typescript/-/typescript-5.9.3.tgz 2371ms (cache miss)
1376 http fetch GET 200 https://registry.npmjs.org/rxjs/-/rxjs-7.8.2.tgz 2531ms (cache miss)
1377 http fetch GET 200 https://registry.npmjs.org/@next/swc-darwin-arm64/-/swc-darwin-arm64-14.2.33.tgz 5130ms (cache miss)
1378 http fetch GET 200 https://registry.npmjs.org/next/-/next-14.2.35.tgz 7989ms (cache miss)
1379 info run prisma@5.22.0 preinstall node_modules/prisma node scripts/preinstall-entry.js
1380 info run prisma@5.22.0 preinstall { code: 0, signal: null }
1381 info run fsevents@2.3.3 install node_modules/fsevents node-gyp rebuild
1382 info run fsevents@2.3.3 install { code: 1, signal: null }
1383 verbose reify failed optional dependency /Users/flash/Desktop/firstReport/node_modules/fsevents
1384 silly reify mark deleted [ '/Users/flash/Desktop/firstReport/node_modules/fsevents' ]
1385 info run @prisma/client@5.22.0 postinstall node_modules/@prisma/client node scripts/postinstall.js
1386 info run @prisma/engines@5.22.0 postinstall node_modules/@prisma/engines node scripts/postinstall.js
1387 info run @prisma/client@5.22.0 postinstall { code: 0, signal: null }
1388 info run @prisma/engines@5.22.0 postinstall { code: 0, signal: null }
1389 silly ADD node_modules/ansi-regex
1390 silly ADD node_modules/is-fullwidth-code-point
1391 silly ADD node_modules/emoji-regex
1392 silly ADD node_modules/wrap-ansi
1393 silly ADD node_modules/strip-ansi
1394 silly ADD node_modules/yargs-parser
1395 silly ADD node_modules/y18n
1396 silly ADD node_modules/string-width
1397 silly ADD node_modules/require-directory
1398 silly ADD node_modules/get-caller-file
1399 silly ADD node_modules/cliui
1400 silly ADD node_modules/escalade
1401 silly ADD node_modules/is-number
1402 silly ADD node_modules/thenify
1403 silly ADD node_modules/thenify-all
1404 silly ADD node_modules/object-assign
1405 silly ADD node_modules/any-promise
1406 silly ADD node_modules/@jridgewell/resolve-uri
1407 silly ADD node_modules/@jridgewell/trace-mapping
1408 silly ADD node_modules/@jridgewell/sourcemap-codec
1409 silly ADD node_modules/ts-interface-checker
1410 silly ADD node_modules/tinyglobby
1411 silly ADD node_modules/tinyglobby/node_modules/picomatch
1412 silly ADD node_modules/tinyglobby/node_modules/fdir
1413 silly ADD node_modules/pirates
1414 silly ADD node_modules/mz
1415 silly ADD node_modules/lines-and-columns
1416 silly ADD node_modules/commander
1417 silly ADD node_modules/@jridgewell/gen-mapping
1418 silly ADD node_modules/queue-microtask
1419 silly ADD node_modules/function-bind
1420 silly ADD node_modules/hasown
1421 silly ADD node_modules/supports-preserve-symlinks-flag
1422 silly ADD node_modules/path-parse
1423 silly ADD node_modules/is-core-module
1424 silly ADD node_modules/es-errors
1425 silly ADD node_modules/pify
1426 silly ADD node_modules/util-deprecate
1427 silly ADD node_modules/cssesc
1428 silly ADD node_modules/camelcase-css
1429 silly ADD node_modules/read-cache
1430 silly ADD node_modules/is-extglob
1431 silly ADD node_modules/binary-extensions
1432 silly ADD node_modules/to-regex-range
1433 silly ADD node_modules/reusify
1434 silly ADD node_modules/run-parallel
1435 silly ADD node_modules/fastq
1436 silly ADD node_modules/@nodelib/fs.scandir
1437 silly ADD node_modules/merge2
1438 silly ADD node_modules/@nodelib/fs.walk
1439 silly ADD node_modules/@nodelib/fs.stat
1440 silly ADD node_modules/fill-range
1441 silly ADD node_modules/picomatch
1442 silly ADD node_modules/readdirp
1443 silly ADD node_modules/is-binary-path
1444 silly ADD node_modules/braces
1445 silly ADD node_modules/anymatch
1446 silly ADD node_modules/sucrase
1447 silly ADD node_modules/resolve
1448 silly ADD node_modules/postcss-selector-parser
1449 silly ADD node_modules/postcss-nested
1450 silly ADD node_modules/postcss-load-config
1451 silly ADD node_modules/postcss-js
1452 silly ADD node_modules/postcss-import
1453 silly ADD node_modules/object-hash
1454 silly ADD node_modules/normalize-path
1455 silly ADD node_modules/micromatch
1456 silly ADD node_modules/lilconfig
1457 silly ADD node_modules/jiti
1458 silly ADD node_modules/is-glob
1459 silly ADD node_modules/glob-parent
1460 silly ADD node_modules/fast-glob
1461 silly ADD node_modules/fast-glob/node_modules/glob-parent
1462 silly ADD node_modules/dlv
1463 silly ADD node_modules/didyoumean
1464 silly ADD node_modules/chokidar
1465 silly ADD node_modules/chokidar/node_modules/glob-parent
1466 silly ADD node_modules/arg
1467 silly ADD node_modules/@alloc/quick-lru
1468 silly ADD node_modules/has-flag
1469 silly ADD node_modules/client-only
1470 silly ADD node_modules/scheduler
1471 silly ADD node_modules/js-tokens
1472 silly ADD node_modules/loose-envify
1473 silly ADD node_modules/@prisma/get-platform
1474 silly ADD node_modules/@prisma/fetch-engine
1475 silly ADD node_modules/@prisma/engines-version
1476 silly ADD node_modules/@prisma/debug
1477 silly ADD
1478 silly ADD node_modules/@prisma/engines
1479 silly ADD node_modules/source-map-js
1480 silly ADD node_modules/nanoid
1481 silly ADD node_modules/streamsearch
1482 silly ADD node_modules/@swc/counter
1483 silly ADD node_modules/styled-jsx
1484 silly ADD node_modules/graceful-fs
1485 silly ADD node_modules/busboy
1486 silly ADD node_modules/@swc/helpers
1487 silly ADD node_modules/@next/swc-darwin-arm64
1488 silly ADD node_modules/@next/env
1489 silly ADD node_modules/color-name
1490 silly ADD node_modules/color-convert
1491 silly ADD node_modules/ansi-styles
1492 silly ADD node_modules/yargs
1493 silly ADD node_modules/tree-kill
1494 silly ADD node_modules/supports-color
1495 silly ADD node_modules/shell-quote
1496 silly ADD node_modules/rxjs
1497 silly ADD node_modules/chalk
1498 silly ADD node_modules/chalk/node_modules/supports-color
1499 silly ADD node_modules/update-browserslist-db
1500 silly ADD node_modules/node-releases
1501 silly ADD node_modules/electron-to-chromium
1502 silly ADD node_modules/baseline-browser-mapping
1503 silly ADD node_modules/postcss-value-parser
1504 silly ADD node_modules/picocolors
1505 silly ADD node_modules/fraction.js
1506 silly ADD node_modules/caniuse-lite
1507 silly ADD node_modules/browserslist
1508 silly ADD node_modules/csstype
1509 silly ADD node_modules/@types/prop-types
1510 silly ADD node_modules/undici-types
1511 silly ADD node_modules/iceberg-js
1512 silly ADD node_modules/ws
1513 silly ADD node_modules/@types/ws
1514 silly ADD node_modules/@supabase/phoenix
1515 silly ADD node_modules/tslib
1516 silly ADD node_modules/@supabase/storage-js
1517 silly ADD node_modules/@supabase/realtime-js
1518 silly ADD node_modules/@supabase/postgrest-js
1519 silly ADD node_modules/@supabase/functions-js
1520 silly ADD node_modules/@supabase/auth-js
1521 silly ADD node_modules/cookie
1522 silly ADD node_modules/@types/cookie
1523 silly ADD node_modules/typescript
1524 silly ADD node_modules/tailwindcss
1525 silly ADD node_modules/prisma
1526 silly ADD node_modules/react-dom
1527 silly ADD node_modules/react
1528 silly ADD node_modules/next
1529 silly ADD node_modules/next/node_modules/postcss
1530 silly ADD node_modules/concurrently
1531 silly ADD node_modules/postcss
1532 silly ADD node_modules/autoprefixer
1533 silly ADD node_modules/@types/react-dom
1534 silly ADD node_modules/@types/react
1535 silly ADD node_modules/@types/node
1536 silly ADD node_modules/@supabase/supabase-js
1537 silly ADD node_modules/@supabase/ssr
1538 silly ADD node_modules/@prisma/client
1539 verbose cwd /Users/flash/Desktop/firstReport
1540 verbose os Darwin 25.4.0
1541 verbose node v24.11.1
1542 verbose npm  v11.6.2
1543 notice
1543 notice New minor version of npm available! 11.6.2 -> 11.13.0
1543 notice Changelog: https://github.com/npm/cli/releases/tag/v11.13.0
1543 notice To update run: npm install -g npm@11.13.0
1543 notice  { force: true, Symbol(proc-log.meta): true }
1544 verbose exit 0
1545 info ok
